head	relation	tail	prompt	prediction
11490638	_member_of_domain_usage	3754979	Is the following triple valid? Head: optical phenomenon, a physical phenomenon related to or involving light, Relation: member of domain usage, Tail: metharbital, anticonvulsant drug (trade name Gemonil) used in the treatment of epilepsy. Answer with 'Yes' or 'No'.	No
789448	_verb_group	5372290	"Is the following triple valid? Head: telephone, get or try to get into communication (with someone) by telephone; ""I tried to call you all night""; ""Take two aspirin and call me in the morning"", Relation: verb group, Tail: labyrinthine vein, veins that drain the inner ear. Answer with 'Yes' or 'No'."	No
5543177	_member_of_domain_region	5688486	Is the following triple valid? Head: synovial joint, a joint so articulated as to move freely, Relation: member of domain region, Tail: facer, (a dated Briticism) a serious difficulty with which one is suddenly faced. Answer with 'Yes' or 'No'.	No
2233096	_member_meronym	4077734	Is the following triple valid? Head: suborder blattodea, cockroaches; in some classifications considered an order, Relation: member meronym, Tail: rescue equipment, equipment used to rescue passengers in case of emergency. Answer with 'Yes' or 'No'.	No
13987719	_hypernym	1352059	Is the following triple valid? Head: blessedness, a state of supreme happiness, Relation: hypernym, Tail: bacteria family, a family of bacteria. Answer with 'Yes' or 'No'.	No
2314321	_hypernym	2403537	"Is the following triple valid? Head: phylum entoprocta, sometimes considered a subphylum of Bryozoa, Relation: hypernym, Tail: lay off, dismiss, usually for economic reasons; ""She was laid off together with hundreds of other workers when the company downsized"". Answer with 'Yes' or 'No'."	No
8621598	_hypernym	2490030	"Is the following triple valid? Head: position, the particular portion of space occupied by something; ""he put the lamp back in its place"", Relation: hypernym, Tail: family callithricidae, marmosets. Answer with 'Yes' or 'No'."	No
1003588	_has_part	3027250	"Is the following triple valid? Head: retake, photograph again; ""Please retake that scene"", Relation: has part, Tail: chuck, a holding device consisting of adjustable jaws that center a workpiece in a lathe or center a tool in a drill. Answer with 'Yes' or 'No'."	No
12400489	_hypernym	394813	"Is the following triple valid? Head: breadfruit tree, native to Pacific islands and having edible fruit with a texture like bread, Relation: hypernym, Tail: mix, mix together different elements; ""The colors blend well"". Answer with 'Yes' or 'No'."	No
5316025	_derivationally_related_form	15274695	Is the following triple valid? Head: orb, the ball-shaped capsule containing the vertebrate eye, Relation: derivationally related form, Tail: breathing time, a short respite. Answer with 'Yes' or 'No'.	No
1068134	_derivationally_related_form	555447	"Is the following triple valid? Head: write up, bring to public notice by writing, with praise or condemnation; ""The New York Times wrote him up last week""; ""Did your boss write you up?"", Relation: derivationally related form, Tail: shift, move from one setting or context to another; ""shift the emphasis""; ""shift one's attention"". Answer with 'Yes' or 'No'."	No
10686313	_hypernym	6457952	Is the following triple valid? Head: sympathizer, commiserates with someone who has had misfortune, Relation: hypernym, Tail: apocrypha, 14 books of the Old Testament included in the Vulgate (except for II Esdras) but omitted in Jewish and Protestant versions of the Bible; eastern Christian churches (except the Coptic Church) accept all these books as canonical; the Russian Orthodox Church accepts these texts as divinely inspired but does not grant them the same status. Answer with 'Yes' or 'No'.	No
13294503	_derivationally_related_form	2234988	"Is the following triple valid? Head: rente, income from capital investment paid in a series of regular payments; ""his retirement fund was set up to be paid as an annuity"", Relation: derivationally related form, Tail: ration, restrict the consumption of a relatively scarce commodity, as during war; ""Bread was rationed during the siege of the city"". Answer with 'Yes' or 'No'."	No
1444326	_hypernym	1237398	"Is the following triple valid? Head: transfix, pierce with a sharp stake or point; ""impale a shrimp on a skewer"", Relation: hypernym, Tail: clap, strike together so as to produce a sharp percussive noise; ""clap two boards together"". Answer with 'Yes' or 'No'."	No
7256932	_has_part	5436080	Is the following triple valid? Head: precognition, knowledge of an event before it occurs, Relation: has part, Tail: chromatin granule, the readily stainable substance of a cell nucleus consisting of DNA and RNA and various proteins; during mitotic division it condenses into chromosomes. Answer with 'Yes' or 'No'.	No
8660339	_hypernym	8733415	"Is the following triple valid? Head: surface, the extended two-dimensional outer boundary of a three-dimensional object; ""they skimmed over the surface of the water""; ""a brush small enough to clean every dental surface""; ""the sun has no distinct surface"", Relation: hypernym, Tail: cartagena, a port city in northwestern Colombia on the Caribbean. Answer with 'Yes' or 'No'."	No
14899328	_hypernym	7085375	"Is the following triple valid? Head: medium, (bacteriology) a nutrient substance (solid or liquid) that is used to cultivate micro-organisms, Relation: hypernym, Tail: stress, the relative prominence of a syllable or musical note (especially with regard to stress or pitch); ""he put the stress on the wrong syllable"". Answer with 'Yes' or 'No'."	No
6178812	_derivationally_related_form	2370806	Is the following triple valid? Head: lexicology, the branch of linguistics that studies the lexical component of language, Relation: derivationally related form, Tail: ungulate, any of a number of mammals with hooves that are superficially similar but not necessarily closely related taxonomically. Answer with 'Yes' or 'No'.	Yes
322457	_derivationally_related_form	7488875	"Is the following triple valid? Head: causative, producing an effect; ""poverty as a causative factor in crime"", Relation: derivationally related form, Tail: sensualness, desire for sensual pleasures. Answer with 'Yes' or 'No'."	No
2156546	_derivationally_related_form	1788733	"Is the following triple valid? Head: vanish, become invisible or unnoticeable; ""The effect vanished when day broke"", Relation: derivationally related form, Tail: chafe, feel extreme irritation or anger; ""He was chafing at her suggestion that he stay at home while she went on a vacation"". Answer with 'Yes' or 'No'."	No
1094725	_also_see	2577061	"Is the following triple valid? Head: commercial enterprise, the activity of providing goods and services involving financial and commercial and industrial aspects; ""computers are now widely used in business"", Relation: also see, Tail: worldly, characteristic of or devoted to the temporal world as opposed to the spiritual world; ""worldly goods and advancement""; ""temporal possessions of the church"". Answer with 'Yes' or 'No'."	No
1938426	_hypernym	10310903	"Is the following triple valid? Head: ski, move along on skis; ""We love to ski the Rockies""; ""My children don't ski"", Relation: hypernym, Tail: mesomorph, a person with a well-developed muscular body. Answer with 'Yes' or 'No'."	No
3726233	_instance_hypernym	8524735	"Is the following triple valid? Head: massage parlor, a place where illicit sex is available under the guise of therapeutic massage, Relation: instance hypernym, Tail: urban center, a large and densely populated urban area; may include several independent administrative districts; ""Ancient Troy was a great city"". Answer with 'Yes' or 'No'."	No
1287782	_hypernym	766234	"Is the following triple valid? Head: midway, naval battle of World War II (June 1942); American planes based on land and on carriers decisively defeated a Japanese fleet on its way to invade the Midway Islands, Relation: hypernym, Tail: offense, (criminal law) an act punishable by law; usually considered an evil act; ""a long record of crimes"". Answer with 'Yes' or 'No'."	No
4903813	_derivationally_related_form	971309	"Is the following triple valid? Head: equanimity, steadiness of mind under stress; ""he accepted their problems with composure and she with equanimity"", Relation: derivationally related form, Tail: sortie, a military action in which besieged troops burst forth from their position. Answer with 'Yes' or 'No'."	No
1908287	_hypernym	6740183	Is the following triple valid? Head: coelenterate family, a family of coelenterates, Relation: hypernym, Tail: justification, a statement in explanation of some action or belief. Answer with 'Yes' or 'No'.	No
7861421	_derivationally_related_form	12972966	Is the following triple valid? Head: sops, piece of solid food for dipping in a liquid, Relation: derivationally related form, Tail: mucoraceae, large family of chiefly saprophytic fungi that includes many common molds destructive to food products. Answer with 'Yes' or 'No'.	No
1046587	_hypernym	12238913	"Is the following triple valid? Head: thunder, to make or produce a loud noise; ""The river thundered below""; ""The engine roared as the driver pushed the car to full throttle"", Relation: hypernym, Tail: wild rosemary, bog shrub of northern and central Europe and eastern Siberia to Korea and Japan. Answer with 'Yes' or 'No'."	No
3788703	_hypernym	949619	Is the following triple valid? Head: mothball, a small sphere of camphor or naphthalene used to keep moths away from stored clothing, Relation: hypernym, Tail: technology, the practical application of science to commerce or industry. Answer with 'Yes' or 'No'.	No
1963571	_hypernym	13265904	Is the following triple valid? Head: mussel, marine or freshwater bivalve mollusk that lives attached to rocks etc., Relation: hypernym, Tail: financial aid, money to support a worthy person or cause. Answer with 'Yes' or 'No'.	Yes
9872557	_hypernym	28270	"Is the following triple valid? Head: brahmin, a member of the highest of the four Hindu varnas; ""originally all brahmans were priests"", Relation: hypernym, Tail: time, the continuum of experience in which events pass from the future through the present to the past. Answer with 'Yes' or 'No'."	No
104299	_hypernym	6753800	"Is the following triple valid? Head: sunburn, get a sunburn by overexposure to the sun, Relation: hypernym, Tail: premiss, a statement that is assumed to be true and from which a conclusion can be drawn; ""on the assumption that he has been injured we can infer that he will not to play"". Answer with 'Yes' or 'No'."	No
1194418	_hypernym	10200531	"Is the following triple valid? Head: host, be the host of or for; ""We hosted 4 couples last night"", Relation: hypernym, Tail: importee, an imported person brought from a foreign country; ""the lead role was played by an import from Sweden""; ""they are descendants of indentured importees"". Answer with 'Yes' or 'No'."	No
540235	_synset_domain_topic_of	8441203	"Is the following triple valid? Head: widen, extend in scope or range or area; ""The law was extended to all citizens""; ""widen the range of applications""; ""broaden your horizon""; ""Extend your backyard"", Relation: synset domain topic of, Tail: law, the collection of rules imposed by authority; ""civilization presupposes respect for the law""; ""the great problem for jurisprudence to allow freedom while enforcing order"". Answer with 'Yes' or 'No'."	No
474017	_derivationally_related_form	8143321	"Is the following triple valid? Head: refine, improve or perfect by pruning or polishing; ""refine one's style of writing"", Relation: derivationally related form, Tail: irs, the bureau of the Treasury Department responsible for tax collections. Answer with 'Yes' or 'No'."	No
2719016	_has_part	13627327	"Is the following triple valid? Head: sulk, be in a huff and display one's displeasure; ""She is pouting because she didn't get what she wanted"", Relation: has part, Tail: word, a word is a string of bits stored in computer memory; ""large computers use words up to 64 bits long"". Answer with 'Yes' or 'No'."	No
964569	_derivationally_related_form	1610666	"Is the following triple valid? Head: hostility, violent action that is hostile and usually unprovoked, Relation: derivationally related form, Tail: break, exchange for smaller units of money; ""I had to break a $100 bill just to buy the candy"". Answer with 'Yes' or 'No'."	No
7093759	_hypernym	4014297	"Is the following triple valid? Head: versification, a metrical adaptation of something (e.g., of a prose text), Relation: hypernym, Tail: protective covering, a covering that is intend to protect from damage or injury; ""they had no protection from the fallout""; ""wax provided protection for the floors"". Answer with 'Yes' or 'No'."	No
1322854	_derivationally_related_form	2169497	"Is the following triple valid? Head: slaughter, kill (animals) usually for food consumption; ""They slaughtered their only goat to survive the winter"", Relation: derivationally related form, Tail: leaf beetle, brightly colored beetle that feeds on plant leaves; larvae infest roots and stems. Answer with 'Yes' or 'No'."	No
6679726	_derivationally_related_form	7007945	"Is the following triple valid? Head: photogelatin process, a photomechanical printing process that uses a glass plate with a gelatin surface that carries the image to be reproduced; can be used with one or more colors, Relation: derivationally related form, Tail: play, a dramatic work intended for performance by actors on a stage; ""he wrote several plays but only one was produced on Broadway"". Answer with 'Yes' or 'No'."	No
8159924	_hypernym	3413428	Is the following triple valid? Head: york, the English royal house (a branch of the Plantagenet line) that reigned from 1461 to 1485; its emblem was a white rose, Relation: hypernym, Tail: gaming house, a public building in which a variety of games of chance can be played (operated as a business). Answer with 'Yes' or 'No'.	No
1741864	_hypernym	6568978	"Is the following triple valid? Head: turn, to break and turn over earth especially with a plow; ""Farmer Jones plowed his east field last week""; ""turn the earth in the Spring"", Relation: hypernym, Tail: programme, (computer science) a sequence of instructions that a computer can interpret and execute; ""the program required several hundred lines of code"". Answer with 'Yes' or 'No'."	No
10433164	_hypernym	968211	"Is the following triple valid? Head: pilot, someone who is licensed to operate an aircraft in flight, Relation: hypernym, Tail: spread, cause to become widely known; ""spread information""; ""circulate a rumor""; ""broadcast the news"". Answer with 'Yes' or 'No'."	No
1696849	_member_meronym	1387208	Is the following triple valid? Head: family crocodylidae, true crocodiles, Relation: member meronym, Tail: protista, eukaryotic one-celled living organisms distinct from multicellular plants and animals: protozoa, slime molds, and eukaryotic algae. Answer with 'Yes' or 'No'.	No
2435867	_hypernym	6797169	"Is the following triple valid? Head: unionize, recruit for a union or organize into a union; ""We don't allow people to come into our plant and try to unionize the workers"", Relation: hypernym, Tail: indication, something that serves to indicate or suggest; ""an indication of foul play""; ""indications of strain""; ""symptoms are the prime indicants of disease"". Answer with 'Yes' or 'No'."	No
6596978	_hypernym	11727976	"Is the following triple valid? Head: number, one of a series published periodically; ""she found an old issue of the magazine in her dentist's waiting room"", Relation: hypernym, Tail: genus caltha, a genus of Caltha. Answer with 'Yes' or 'No'."	No
7572957	_hypernym	12449296	Is the following triple valid? Head: tinned goods, food preserved by canning, Relation: hypernym, Tail: quamash, any of several plants of the genus Camassia; North and South America. Answer with 'Yes' or 'No'.	No
14911057	_derivationally_related_form	4681797	Is the following triple valid? Head: hydrocarbon, an organic compound containing only carbon and hydrogen, Relation: derivationally related form, Tail: hatching, shading consisting of multiple crossing lines. Answer with 'Yes' or 'No'.	No
7091902	_hypernym	7783210	Is the following triple valid? Head: acronym, a word formed from the initial letters of the several words in the name, Relation: hypernym, Tail: shellfish, meat of edible aquatic invertebrate with a shell (especially a mollusk or crustacean). Answer with 'Yes' or 'No'.	Yes
5568767	_hypernym	2424695	Is the following triple valid? Head: ulnar nerve, a nerve running along the inner side of the arm and passing near the elbow; supplies intrinsic muscles of the hand and the skin of the medial side of the hand, Relation: hypernym, Tail: harnessed antelope, any of several antelopes of the genus Tragelaphus having striped markings resembling a harness. Answer with 'Yes' or 'No'.	No
10660333	_derivationally_related_form	860620	"Is the following triple valid? Head: storyteller, someone who tells lies, Relation: derivationally related form, Tail: proclaim, praise, glorify, or honor; ""extol the virtues of one's children""; ""glorify one's spouse's cooking"". Answer with 'Yes' or 'No'."	No
1057034	_derivationally_related_form	13484644	"Is the following triple valid? Head: jam, interfere with or prevent the reception of signals; ""Jam the Voice of America""; ""block the signals emitted by this station"", Relation: derivationally related form, Tail: freezing, the withdrawal of heat to change something from a liquid to a solid. Answer with 'Yes' or 'No'."	No
4516672	_hypernym	89324	"Is the following triple valid? Head: utensil, an implement for practical use (especially in a household), Relation: hypernym, Tail: disinfect, destroy microorganisms or pathogens by cleansing; ""disinfect a wound"". Answer with 'Yes' or 'No'."	No
1455592	_member_meronym	33615	Is the following triple valid? Head: syngnathidae, pipefishes, Relation: member meronym, Tail: quantity, how much there is or how many there are of something that you can quantify. Answer with 'Yes' or 'No'.	No
7191777	_hypernym	10323999	Is the following triple valid? Head: insisting, continual and persistent demands, Relation: hypernym, Tail: mixed-blood, a person whose ancestors belonged to two or more races. Answer with 'Yes' or 'No'.	No
2514988	_member_meronym	2535349	Is the following triple valid? Head: subclass crossopterygii, fishes having paired fins resembling limbs and regarded as ancestral to amphibians, Relation: member meronym, Tail: salmo, type genus of the Salmonidae: salmon and trout. Answer with 'Yes' or 'No'.	No
8174398	_member_meronym	6721461	"Is the following triple valid? Head: north atlantic treaty organization, an international organization created in 1949 by the North Atlantic Treaty for purposes of collective security, Relation: member meronym, Tail: stinger, a remark capable of wounding mentally; ""the unkindest cut of all"". Answer with 'Yes' or 'No'."	No
4511002	_hypernym	624738	"Is the following triple valid? Head: university, establishment where a seat of higher learning is housed, including administrative and living quarters as well as facilities for research and teaching, Relation: hypernym, Tail: workout, the activity of exerting your muscles in various ways to keep fit; ""the doctor recommended regular exercise""; ""he did some exercising""; ""the physical exertion required by his work kept him fit"". Answer with 'Yes' or 'No'."	No
12406715	_hypernym	226107	Is the following triple valid? Head: ulmus carpinifolia, European elm with lustrous smooth leaves used as an ornamental, Relation: hypernym, Tail: spasm, (pathology) sudden constriction of a hollow organ (as a blood vessel). Answer with 'Yes' or 'No'.	No
7466557	_hypernym	6917083	Is the following triple valid? Head: field event, a competition that takes place on a field rather than on a running track, Relation: hypernym, Tail: quechuan language, the language of the Quechua which was spoken by the Incas. Answer with 'Yes' or 'No'.	No
1733213	_hypernym	1186958	"Is the following triple valid? Head: conduct, lead musicians in the performance of; ""Bernstein conducted Mahler like no other conductor""; ""she cannot conduct modern pieces"", Relation: hypernym, Tail: wean, gradually deprive (infants and young mammals) of mother's milk; ""she weaned her baby when he was 3 months old and started him on powdered milk""; ""The kitten was weaned and fed by its owner with a bottle"". Answer with 'Yes' or 'No'."	No
12224309	_hypernym	1169589	Is the following triple valid? Head: order casuarinales, order of chiefly Australian trees and shrubs comprising the casuarinas; 1 family: Casuarinaceae, Relation: hypernym, Tail: drench, force to drink. Answer with 'Yes' or 'No'.	No
810729	_hypernym	11898271	"Is the following triple valid? Head: get out, escape potentially unpleasant consequences; get away with a forbidden action; ""She gets away with murder!""; ""I couldn't get out from under these responsibilities"", Relation: hypernym, Tail: subularia aquatica, small aquatic plant having tufted awl-shaped leaves in a basal rosette and minute white flowers; circumboreal. Answer with 'Yes' or 'No'."	No
13726074	_has_part	10055730	Is the following triple valid? Head: watt second, a unit of electrical energy equal to the work done when a current of one ampere passes through a resistance of one ohm for one second, Relation: has part, Tail: endomorph, a heavy person with a soft and rounded body. Answer with 'Yes' or 'No'.	No
11058633	_derivationally_related_form	1141841	"Is the following triple valid? Head: president hoover, 31st President of the United States; in 1929 the stock market crashed and the economy collapsed and Hoover was defeated for reelection by Franklin Roosevelt (1874-1964), Relation: derivationally related form, Tail: allowance, the act of allowing; ""He objected to the allowance of smoking in the dining room"". Answer with 'Yes' or 'No'."	No
1479643	_hypernym	10129825	"Is the following triple valid? Head: superclass gnathostomata, comprising all vertebrates with upper and lower jaws, Relation: hypernym, Tail: young woman, a young woman; ""a young lady of 18"". Answer with 'Yes' or 'No'."	No
974367	_derivationally_related_form	711715	"Is the following triple valid? Head: denote, make known; make an announcement; ""She denoted her feelings clearly"", Relation: derivationally related form, Tail: toy with, take into consideration, have in view; ""He entertained the notion of moving to South America"". Answer with 'Yes' or 'No'."	No
216038	_hypernym	3120491	"Is the following triple valid? Head: dissolution, the termination of a meeting, Relation: hypernym, Tail: court, a specially marked horizontal area within which a game is played; ""players had to reserve a court in advance"". Answer with 'Yes' or 'No'."	No
4823866	_hypernym	9606527	Is the following triple valid? Head: unclearness, incomprehensibility as a result of not being clear, Relation: hypernym, Tail: unusual person, a person who is unusual. Answer with 'Yes' or 'No'.	No
1687569	_derivationally_related_form	2018049	"Is the following triple valid? Head: stylize, represent according to a conventional style; ""a stylized female head"", Relation: derivationally related form, Tail: get on, get on board of (trains, buses, ships, aircraft, etc.). Answer with 'Yes' or 'No'."	No
2001858	_derivationally_related_form	1915253	"Is the following triple valid? Head: trail, go after with the intent to catch; ""The policeman chased the mugger down the alley""; ""the dog chased the rabbit"", Relation: derivationally related form, Tail: jaywalk, cross the road at a red light. Answer with 'Yes' or 'No'."	No
8959683	_derivationally_related_form	1978003	"Is the following triple valid? Head: socialist people's libyan arab jamahiriya, a military dictatorship in northern Africa on the Mediterranean; consists almost entirely of desert; a major exporter of petroleum, Relation: derivationally related form, Tail: unmindful, not mindful or attentive; ""while thus unmindful of his steps he stumbled""- G.B.Shaw. Answer with 'Yes' or 'No'."	No
7040148	_hypernym	4063868	Is the following triple valid? Head: andante, a musical composition or musical passage to be performed moderately slow, Relation: hypernym, Tail: recording, a storage device on which information (sounds or images) have been recorded. Answer with 'Yes' or 'No'.	No
3820728	_hypernym	12992868	Is the following triple valid? Head: network, (electronics) a system of interconnected electronic components or circuits, Relation: hypernym, Tail: fungus, an organism of the kingdom Fungi lacking chlorophyll and feeding on organic matter; ranging from unicellular or multicellular organisms to spore-bearing syncytia. Answer with 'Yes' or 'No'.	No
376400	_hypernym	12708293	"Is the following triple valid? Head: breaking, the act of breaking something; ""the breakage was unavoidable"", Relation: hypernym, Tail: orange tree, any citrus tree bearing oranges. Answer with 'Yes' or 'No'."	No
6693870	_derivationally_related_form	10806222	"Is the following triple valid? Head: superlative, an exaggerated expression (usually of praise); ""the critics lavished superlatives on it"", Relation: derivationally related form, Tail: zoologist, a specialist in the branch of biology dealing with animals. Answer with 'Yes' or 'No'."	No
10047459	_has_part	8903220	Is the following triple valid? Head: swellhead, a conceited and self-centered person, Relation: has part, Tail: old delhi, a city in north central India. Answer with 'Yes' or 'No'.	Yes
2639087	_derivationally_related_form	493703	"Is the following triple valid? Head: grindle, primitive long-bodied carnivorous freshwater fish with a very long dorsal fin; found in sluggish waters of North America, Relation: derivationally related form, Tail: devalue, lower the value or quality of; ""The tear devalues the painting"". Answer with 'Yes' or 'No'."	No
43902	_synset_domain_topic_of	1983277	"Is the following triple valid? Head: hit, (baseball) a successful stroke in an athletic contest (especially in baseball); ""he came all the way around on Williams' hit"", Relation: synset domain topic of, Tail: homarus, type genus of the family Homaridae: common edible lobsters. Answer with 'Yes' or 'No'."	No
2641035	_derivationally_related_form	13730189	"Is the following triple valid? Head: pause, interrupt temporarily an activity before continuing; ""The speaker paused"", Relation: derivationally related form, Tail: imaginary part of a complex number, the part of a complex number that has the square root of -1 as a factor. Answer with 'Yes' or 'No'."	No
2658283	_hypernym	1953810	"Is the following triple valid? Head: check out, be verified or confirmed; pass inspection; ""These stories don't check!"", Relation: hypernym, Tail: transport, move something or somebody around; usually over long distances. Answer with 'Yes' or 'No'."	No
5154517	_hypernym	11328714	Is the following triple valid? Head: plus, a useful or valuable quality, Relation: hypernym, Tail: william howard taft, 27th President of the United States and later chief justice of the United States Supreme Court (1857-1930). Answer with 'Yes' or 'No'.	No
7338114	_hypernym	2488834	"Is the following triple valid? Head: meshing, contact by fitting together; ""the engagement of the clutch""; ""the meshing of gears"", Relation: hypernym, Tail: wed, take in marriage. Answer with 'Yes' or 'No'."	No
5524430	_hypernym	2021795	Is the following triple valid? Head: sex gland, a gland in which gametes (sex cells) are produced, Relation: hypernym, Tail: seafowl, a bird that frequents coastal waters and the open ocean: gulls; pelicans; gannets; cormorants; albatrosses; petrels; etc.. Answer with 'Yes' or 'No'.	No
6155075	_instance_hypernym	9989502	"Is the following triple valid? Head: romanticism, a movement in literature and art during the late 18th and early 19th centuries that celebrated nature rather than civilization; ""Romanticism valued imagination and emotion over rationality"", Relation: instance hypernym, Tail: terpsichorean, a performer who dances professionally. Answer with 'Yes' or 'No'."	No
6598030	_derivationally_related_form	195342	"Is the following triple valid? Head: reading material, written material intended to be read; ""the teacher assigned new readings""; ""he bought some reading material at the airport"", Relation: derivationally related form, Tail: universally, remove; ""clear the leaves from the lawn""; ""Clear snow from the road""   everywhere; ""people universally agree on this"". Answer with 'Yes' or 'No'."	No
2451575	_synset_domain_topic_of	8441203	"Is the following triple valid? Head: fictional animal, animals that exist only in fiction (usually in children's stories), Relation: synset domain topic of, Tail: law, the collection of rules imposed by authority; ""civilization presupposes respect for the law""; ""the great problem for jurisprudence to allow freedom while enforcing order"". Answer with 'Yes' or 'No'."	No
1463963	_derivationally_related_form	14245405	"Is the following triple valid? Head: set up, put into a proper or systematic order; ""arrange the books on the shelves in chronological order"", Relation: derivationally related form, Tail: rhabdosarcoma, a highly malignant neoplasm derived from striated muscle. Answer with 'Yes' or 'No'."	No
1170243	_derivationally_related_form	6789411	"Is the following triple valid? Head: healthy, having or indicating good health in body or mind; free from infirmity or disease; ""a rosy healthy baby""; ""staying fit and healthy"", Relation: derivationally related form, Tail: religious doctrine, the written body of teachings of a religious group that are generally accepted by that group. Answer with 'Yes' or 'No'."	No
1113068	_hypernym	7433973	Is the following triple valid? Head: selling, the exchange of goods for an agreed sum of money, Relation: hypernym, Tail: distortion, a change for the worse. Answer with 'Yes' or 'No'.	No
1385920	_hypernym	2609764	"Is the following triple valid? Head: lump, put together indiscriminately; ""lump together all the applicants"", Relation: hypernym, Tail: terminate, have an end, in a temporal, spatial, or quantitative sense; either spatial or metaphorical; ""the bronchioles terminate in a capillary bed""; ""Your rights stop where you infringe upon the rights of other""; ""My property ends by the bushes""; ""The symphony ends in a pianissimo"". Answer with 'Yes' or 'No'."	No
8919949	_member_meronym	12799580	Is the following triple valid? Head: carthage, an ancient city state on the north African coast near modern Tunis; founded by Phoenicians; destroyed and rebuilt by Romans; razed by Arabs in 697, Relation: member meronym, Tail: lithophragma, small genus of perennial herbs of the western North America. Answer with 'Yes' or 'No'.	No
11020721	_instance_hypernym	10860999	Is the following triple valid? Head: woody guthrie, United States folk singer and songwriter (1912-1967), Relation: instance hypernym, Tail: tom bradley, United States politician who was elected the first black mayor of Los Angeles (1917-1998). Answer with 'Yes' or 'No'.	No
846817	_has_part	8807554	Is the following triple valid? Head: penetration, the act (by a man) of inserting his penis into the vagina of a woman, Relation: has part, Tail: lateran, the site in Rome containing the church of Rome and the Lateran Palace. Answer with 'Yes' or 'No'.	No
10010864	_also_see	2311387	"Is the following triple valid? Head: devourer, someone who eats greedily or voraciously, Relation: also see, Tail: withdraw, remove (a commodity) from (a supply source); ""She drew $2,000 from the account""; ""The doctors drew medical supplies from the hospital's emergency bank"". Answer with 'Yes' or 'No'."	No
960851	_derivationally_related_form	1745377	"Is the following triple valid? Head: stand, a defensive effort; ""the army made a final stand at the Rhone"", Relation: derivationally related form, Tail: indent, set in from the margin; ""Indent the paragraphs of a letter"". Answer with 'Yes' or 'No'."	No
11746776	_member_meronym	10059582	Is the following triple valid? Head: pea family, a large family of trees, shrubs, vines, and herbs bearing bean pods; divided for convenience into the subfamilies Caesalpiniaceae; Mimosaceae; Papilionaceae, Relation: member meronym, Tail: partizan, an ardent and enthusiastic supporter of some person or activity. Answer with 'Yes' or 'No'.	No
10657556	_derivationally_related_form	10508710	Is the following triple valid? Head: stockjobber, one who deals only with brokers or other jobbers, Relation: derivationally related form, Tail: reader, a person who enjoys reading. Answer with 'Yes' or 'No'.	No
12545232	_hypernym	116687	Is the following triple valid? Head: prairie trefoil, North American annual with red or rose-colored flowers, Relation: hypernym, Tail: projection, the act of expelling or projecting or ejecting. Answer with 'Yes' or 'No'.	No
1349318	_derivationally_related_form	8617963	"Is the following triple valid? Head: wring out, extract (liquid) by squeezing or pressing; ""wring out the washcloth"", Relation: derivationally related form, Tail: top, the top or extreme point of something (usually a mountain or hill); ""the view from the peak was magnificent""; ""they clambered to the tip of Monadnock""; ""the region is a few molecules wide at the summit"". Answer with 'Yes' or 'No'."	No
13902048	_derivationally_related_form	1756508	Is the following triple valid? Head: ridge, any long raised strip, Relation: derivationally related form, Tail: western diamondback rattlesnake, largest and most dangerous North American snake; of southwestern United States and Mexico. Answer with 'Yes' or 'No'.	No
9232165	_derivationally_related_form	478830	"Is the following triple valid? Head: horseshoe falls, a part of Niagara Falls in Ontario, Relation: derivationally related form, Tail: wipe out, mark for deletion, rub off, or erase; ""kill these lines in the President's speech"". Answer with 'Yes' or 'No'."	Yes
8551628	_hypernym	4191595	"Is the following triple valid? Head: theatre of operations, a region in which active military operations are in progress; ""the army was in the field awaiting action""; ""he served in the Vietnam theater for three years"", Relation: hypernym, Tail: shelter, a structure that provides privacy and protection from danger. Answer with 'Yes' or 'No'."	No
7632037	_derivationally_related_form	6403969	Is the following triple valid? Head: sponge cake, a light porous cake made with eggs and flour and sugar without shortening, Relation: derivationally related form, Tail: penmanship, beautiful handwriting. Answer with 'Yes' or 'No'.	No
1511706	_derivationally_related_form	12935457	"Is the following triple valid? Head: propel, cause to move forward with force; ""Steam propels this ship"", Relation: derivationally related form, Tail: genus conium, small genus of highly toxic biennials: hemlock. Answer with 'Yes' or 'No'."	No
1927992	_has_part	7770180	Is the following triple valid? Head: bear down upon, sail towards another vessel, of a ship, Relation: has part, Tail: sorb apple, acid gritty-textured fruit. Answer with 'Yes' or 'No'.	No
1410223	_verb_group	6996309	"Is the following triple valid? Head: strike, deliver a sharp blow, as with the hand, fist, or weapon; ""The teacher struck the child""; ""the opponent refused to strike""; ""The boxer struck the attacker dead"", Relation: verb group, Tail: west african, a group of languages spoken in the extreme western part of West Africa. Answer with 'Yes' or 'No'."	No
14452616	_derivationally_related_form	3068181	Is the following triple valid? Head: infestation, the state of being invaded or overrun by parasites, Relation: derivationally related form, Tail: neckband, a band that fits around the neck and is usually folded over. Answer with 'Yes' or 'No'.	No
14907122	_hypernym	4161981	"Is the following triple valid? Head: hexane, a colorless flammable liquid alkane derived from petroleum and used as a solvent, Relation: hypernym, Tail: seat, furniture that is designed for sitting on; ""there were not enough seats for all the guests"". Answer with 'Yes' or 'No'."	No
81725	_member_of_domain_region	10595361	"Is the following triple valid? Head: heal, provide a cure for, make healthy again; ""The treatment cured the boy's acne""; ""The quack pretended to heal patients but never managed to"", Relation: member of domain region, Tail: sibyl, (ancient Rome) a woman who was regarded as an oracle or prophet. Answer with 'Yes' or 'No'."	No
5331171	_hypernym	173338	"Is the following triple valid? Head: suprarenal gland, either of a pair of complex endocrine glands situated near the kidney, Relation: hypernym, Tail: withdraw, remove something concrete, as by lifting, pushing, or taking off, or remove something abstract; ""remove a threat""; ""remove a wrapper""; ""Remove the dirty dishes from the table""; ""take the gun from your pocket""; ""This machine withdraws heat from the environment"". Answer with 'Yes' or 'No'."	No
645493	_derivationally_related_form	1128655	"Is the following triple valid? Head: unbelievable, beyond belief or understanding; ""at incredible speed""; ""the book's plot is simply incredible"", Relation: derivationally related form, Tail: subordination, the act of mastering or subordinating someone. Answer with 'Yes' or 'No'."	No
5027529	_hypernym	4586421	"Is the following triple valid? Head: weightiness, the property of being comparatively great in weight; ""the heaviness of lead"", Relation: hypernym, Tail: winder, mechanical device around which something can be wound. Answer with 'Yes' or 'No'."	Yes
2456493	_hypernym	12170415	"Is the following triple valid? Head: lay to rest, place in a grave or tomb; ""Stalin was buried behind the Kremlin wall on Red Square""; ""The pharaohs were entombed in the pyramids""; ""My grandfather was laid to rest last Sunday"", Relation: hypernym, Tail: malva, herbs and subshrubs: mallows. Answer with 'Yes' or 'No'."	No
14295691	_hypernym	11567411	Is the following triple valid? Head: vaginocele, hernia projecting into the vagina, Relation: hypernym, Tail: magnoliopsid genus, genus of flowering plants having two cotyledons (embryonic leaves) in the seed which usually appear at germination. Answer with 'Yes' or 'No'.	No
5706228	_derivationally_related_form	7891726	Is the following triple valid? Head: inattention, lack of attention, Relation: derivationally related form, Tail: wine, fermented juice (of grapes especially). Answer with 'Yes' or 'No'.	No
15263283	_instance_hypernym	9798811	Is the following triple valid? Head: millennium, (New Testament) in Revelations it is foretold that those faithful to Jesus will reign with Jesus over the earth for a thousand years; the meaning of these words have been much debated; some denominations (e.g. Jehovah's Witnesses) expect it to be a thousand years of justice and peace and happiness, Relation: instance hypernym, Tail: apostle, (New Testament) one of the original 12 disciples chosen by Christ to preach his gospel. Answer with 'Yes' or 'No'.	No
6427387	_derivationally_related_form	2344568	"Is the following triple valid? Head: encyclopedia, a reference work (often in several volumes) containing articles on various topics (often arranged in alphabetical order) dealing with the entire range of human knowledge or with some particular specialty, Relation: derivationally related form, Tail: strip, steal goods; take as spoils; ""During the earthquake people looted the stores that were deserted by their owners"". Answer with 'Yes' or 'No'."	No
216038	_hypernym	867163	Is the following triple valid? Head: dissolution, the termination of a meeting, Relation: hypernym, Tail: rooting reflex, reflex consisting of head-turning and sucking movements elicited in a normal infant by gently stroking the side of the mouth or cheek. Answer with 'Yes' or 'No'.	No
4433585	_hypernym	1328705	"Is the following triple valid? Head: tie, one of the cross braces that support the rails on a railway track; ""the British call a railroad tie a sleeper"", Relation: hypernym, Tail: supplement, add to the very end; ""He appended a glossary to his novel where he used an invented language"". Answer with 'Yes' or 'No'."	No
10091651	_derivationally_related_form	434077	"Is the following triple valid? Head: fireman, a member of a fire department who tries to extinguish fires, Relation: derivationally related form, Tail: magnify, increase in size, volume or significance; ""Her terror was magnified in her mind"". Answer with 'Yes' or 'No'."	No
12439400	_instance_hypernym	15113229	"Is the following triple valid? Head: genus anthericum, genus of Old World (mainly African) perennial herbs; sometimes placed in family Asphodelaceae, Relation: instance hypernym, Tail: time period, an amount of time; ""a time period of 30 years""; ""hastened the period of time of his recovery""; ""Picasso's blue period"". Answer with 'Yes' or 'No'."	No
4606014	_hypernym	1228102	Is the following triple valid? Head: wreath, flower arrangement consisting of a circular band of foliage or flowers for ornamental purposes, Relation: hypernym, Tail: reverence, an act showing respect (especially a bow or curtsy). Answer with 'Yes' or 'No'.	Yes
13600822	_hypernym	11459538	Is the following triple valid? Head: volume unit, a unit of measurement of volume or capacity, Relation: hypernym, Tail: rubbing, the resistance encountered when one body is moved in contact with another. Answer with 'Yes' or 'No'.	No
12223405	_instance_hypernym	8691669	Is the following triple valid? Head: telopea, Australian evergreen shrubs: waratahs, Relation: instance hypernym, Tail: national capital, the capital city of a nation. Answer with 'Yes' or 'No'.	No
353249	_derivationally_related_form	1042725	"Is the following triple valid? Head: moderation, the action of lessening in severity or intensity; ""the object being control or moderation of economic depressions"", Relation: derivationally related form, Tail: hoot, to utter a loud clamorous shout; ""the toughs and blades of the city hoot and bang their drums, drink arak, play dice, and dance"". Answer with 'Yes' or 'No'."	No
3314028	_derivationally_related_form	1803003	"Is the following triple valid? Head: picture card, one of the twelve cards in a deck bearing a picture of a face, Relation: derivationally related form, Tail: torment, treat cruelly; ""The children tormented the stuttering teacher"". Answer with 'Yes' or 'No'."	No
9917593	_derivationally_related_form	1295373	"Is the following triple valid? Head: youngster, a young person of either sex; ""she writes books for children""; ""they're just kids""; ""`tiddler' is a British term for youngster"", Relation: derivationally related form, Tail: somme river, battle in World War I (1916). Answer with 'Yes' or 'No'."	No
4821802	_derivationally_related_form	351406	"Is the following triple valid? Head: unequivocalness, clarity achieved by the avoidance of ambiguity, Relation: derivationally related form, Tail: stick with, keep to; ""Stick to your principles""; ""stick to the diet"". Answer with 'Yes' or 'No'."	No
146443	_hypernym	7846	"Is the following triple valid? Head: concatenation, the act of linking together as in a series or chain, Relation: hypernym, Tail: soul, a human being; ""there was too much for one person to do"". Answer with 'Yes' or 'No'."	Yes
3722007	_hypernym	1143040	"Is the following triple valid? Head: marker, a writing implement for making a mark, Relation: hypernym, Tail: readying, the activity of putting or setting in order in advance of some act or purpose; ""preparations for the ceremony had begun"". Answer with 'Yes' or 'No'."	No
2249995	_hypernym	4341686	"Is the following triple valid? Head: family dactylopiidae, cochineal insects, Relation: hypernym, Tail: structure, a thing constructed; a complex entity constructed of many parts; ""the structure consisted of a series of arches""; ""she wore her hair in an amazing construction of whirls and ribbons"". Answer with 'Yes' or 'No'."	No
12140511	_derivationally_related_form	10019406	Is the following triple valid? Head: sporobolus poiretii, grass native to West Indies but common in southern United States having tufted wiry stems often infested with a dark fungus, Relation: derivationally related form, Tail: plunger, someone who dives (into water). Answer with 'Yes' or 'No'.	No
10109443	_hypernym	759657	"Is the following triple valid? Head: monstrosity, a person or animal that is markedly unusual or deformed, Relation: hypernym, Tail: press, ask for or request earnestly; ""The prophet bid all people to become good persons"". Answer with 'Yes' or 'No'."	No
5115804	_hypernym	3101986	"Is the following triple valid? Head: richness, the property of being extremely abundant; ""the profusion of detail""; ""the idiomatic richness of English"", Relation: hypernym, Tail: cookware, a kitchen utensil made of material that does not melt easily; used for cooking. Answer with 'Yes' or 'No'."	No
12185859	_derivationally_related_form	2321046	"Is the following triple valid? Head: radyera farragei, southern and western Australian shrub with unlobed or shallowly lobed toothed leaves and purple flowers; sometimes placed in genus Hibiscus, Relation: derivationally related form, Tail: charge, enter a certain amount as a charge; ""he charged me $15"". Answer with 'Yes' or 'No'."	No
6972311	_hypernym	11153200	Is the following triple valid? Head: dardic language, any of a group of Indic languages spoken in Kashmir and eastern Afghanistan and northern Pakistan, Relation: hypernym, Tail: nelson rolihlahla mandela, South African statesman who was released from prison to become the nation's first democratically elected president in 1994 (born in 1918). Answer with 'Yes' or 'No'.	No
369864	_derivationally_related_form	3996145	"Is the following triple valid? Head: cool down, loose heat; ""The air cooled considerably after the thunderstorm"", Relation: derivationally related form, Tail: sawing machine, a power tool for cutting wood. Answer with 'Yes' or 'No'."	Yes
1643092	_member_meronym	2023992	Is the following triple valid? Head: genus eleutherodactylus, completely terrestrial robber frogs, Relation: member meronym, Tail: killdeer plover, American plover of inland waters and fields having a distinctive cry   gather in, or as if in, a fort, as for protection or defense. Answer with 'Yes' or 'No'.	No
4667406	_derivationally_related_form	7921455	Is the following triple valid? Head: muliebrity, the trait of behaving in ways considered typical for women, Relation: derivationally related form, Tail: cyder, a beverage made from juice pressed from apples. Answer with 'Yes' or 'No'.	No
5590366	_hypernym	4961691	Is the following triple valid? Head: sternocleidomastoid muscle, one of two thick muscles running from the sternum and clavicle to the mastoid and occipital bone; turns head obliquely to the opposite side; when acting together they flex the neck and extend the head, Relation: hypernym, Tail: greyness, a neutral achromatic color midway between white and black. Answer with 'Yes' or 'No'.	No
11779801	_member_of_domain_usage	3587715	Is the following triple valid? Head: genus arum, type genus of the Araceae: tuberous perennial herbs of Europe and Asia with usually heart-shaped leaves, Relation: member of domain usage, Tail: nydrazid, antibacterial drug (trade name Nydrazid) used to treat tuberculosis. Answer with 'Yes' or 'No'.	No
4671394	_derivationally_related_form	3139089	"Is the following triple valid? Head: unreliableness, the trait of not being dependable or reliable, Relation: derivationally related form, Tail: jacket crown, (dentistry) dental appliance consisting of an artificial crown for a broken or decayed tooth; ""tomorrow my dentist will fit me for a crown"". Answer with 'Yes' or 'No'."	No
3605722	_hypernym	6268096	Is the following triple valid? Head: junction, the place where two or more things come together, Relation: hypernym, Tail: article, nonfictional prose forming an independent part of a publication. Answer with 'Yes' or 'No'.	No
9415938	_derivationally_related_form	262249	Is the following triple valid? Head: streamlet, a small stream, Relation: derivationally related form, Tail: decoration, the act of decorating something (in the hope of making it more attractive). Answer with 'Yes' or 'No'.	No
2446645	_hypernym	12056990	Is the following triple valid? Head: rooter skunk, large naked-muzzled skunk with white back and tail; of southwestern North America and Mexico, Relation: hypernym, Tail: ram's-head lady's slipper, orchid of northern North America having a brownish-green flower and red-and-white lip suggestive of a ram's head. Answer with 'Yes' or 'No'.	No
14843986	_hypernym	4826235	Is the following triple valid? Head: ochre, any of various earths containing silica and alumina and ferric oxide; used as a pigment, Relation: hypernym, Tail: righteousness, adhering to moral principles. Answer with 'Yes' or 'No'.	No
10490965	_hypernym	11915214	Is the following triple valid? Head: public relations person, a person employed to establish and promote a favorable relationship with the public, Relation: hypernym, Tail: composite plant, considered the most highly evolved dicotyledonous plants, characterized by florets arranged in dense heads that resemble single flowers. Answer with 'Yes' or 'No'.	No
13461525	_hypernym	5867413	"Is the following triple valid? Head: demineralization, the removal of minerals and mineral salts from a liquid (especially from water), Relation: hypernym, Tail: section, one of the portions into which something is regarded as divided and which together constitute a whole; ""the written part of the exam""; ""the finance section of the company""; ""the BBC's engineering division"". Answer with 'Yes' or 'No'."	No
7127252	_hypernym	96343	Is the following triple valid? Head: mumble, a soft indistinct utterance, Relation: hypernym, Tail: salvage, the act of saving goods or property that were in danger of damage or destruction. Answer with 'Yes' or 'No'.	No
1473990	_hypernym	2243967	"Is the following triple valid? Head: superclass agnatha, superclass of eel-shaped chordates lacking jaws and pelvic fins: lampreys; hagfishes; some extinct forms, Relation: hypernym, Tail: deaccession, sell (art works) from a collection, especially in order to raise money for the purchase of other art works; ""The museum deaccessioned several important works of this painter"". Answer with 'Yes' or 'No'."	No
1296462	_derivationally_related_form	6713187	Is the following triple valid? Head: attach, cause to be attached, Relation: derivationally related form, Tail: upbraiding, a severe scolding. Answer with 'Yes' or 'No'.	No
8566707	_hypernym	558630	"Is the following triple valid? Head: end, the surface at either extremity of a three-dimensional object; ""one end of the box was marked `This side up'"", Relation: hypernym, Tail: football play, (American football) a play by the offensive team. Answer with 'Yes' or 'No'."	No
2342885	_member_meronym	12000609	Is the following triple valid? Head: hamster, short-tailed Old World burrowing rodent with large cheek pouches, Relation: member meronym, Tail: parthenium, small genus of North American herbs and shrubs with terminal panicles of small ray flowers. Answer with 'Yes' or 'No'.	No
4913568	_member_meronym	12192373	Is the following triple valid? Head: graciousness, excellence of manners or social conduct, Relation: member meronym, Tail: family elaeocarpaceae, genus of trees and shrubs widely distributed in warm regions some yielding useful timber; in some classifications included in the family Santalaceae. Answer with 'Yes' or 'No'.	No
6837037	_synset_domain_topic_of	6084469	Is the following triple valid? Head: daleth, the 4th letter of the Hebrew alphabet, Relation: synset domain topic of, Tail: chemistry, the science of matter; the branch of the natural sciences dealing with the composition of substances and their properties and reactions. Answer with 'Yes' or 'No'.	No
5533948	_hypernym	459296	"Is the following triple valid? Head: oesophagus, the passage between the pharynx and the stomach, Relation: hypernym, Tail: rush, urge to an unnatural speed; ""Don't rush me, please!"". Answer with 'Yes' or 'No'."	No
12847374	_hypernym	1352059	Is the following triple valid? Head: runaway robin, trailing European aromatic plant of the mint family having rounded leaves and small purplish flowers often grown in hanging baskets; naturalized in North America; sometimes placed in genus Nepeta, Relation: hypernym, Tail: bacteria family, a family of bacteria. Answer with 'Yes' or 'No'.	No
8860123	_member_of_domain_usage	972608	"Is the following triple valid? Head: united kingdom of great britain and northern ireland, a monarchy in northwestern Europe occupying most of the British Isles; divided into England and Scotland and Wales and Northern Ireland; `Great Britain' is often used loosely to refer to the United Kingdom, Relation: member of domain usage, Tail: disqualify, declare unfit; ""She was disqualified for the Olympics because she was a professional athlete"". Answer with 'Yes' or 'No'."	No
10299875	_hypernym	11115558	Is the following triple valid? Head: matchmaker, someone who arranges (or tries to arrange) marriages for others, Relation: hypernym, Tail: land, United States inventor who incorporated Polaroid film into lenses and invented the one step photographic process (1909-1991). Answer with 'Yes' or 'No'.	No
1097500	_hypernym	4531098	Is the following triple valid? Head: muster in, engage somebody to enter the army, Relation: hypernym, Tail: vessel, an object used as a container (especially for liquids). Answer with 'Yes' or 'No'.	No
8156685	_member_meronym	14682642	Is the following triple valid? Head: plantagenet line, the family name of a line of English kings that reigned from 1154 to 1485, Relation: member meronym, Tail: monazite, a reddish-brown mineral containing rare earth metals; an important source of thorium and cerium. Answer with 'Yes' or 'No'.	No
6355459	_hypernym	7846	"Is the following triple valid? Head: morse code, a telegraph code in which letters and numbers are represented by strings of dots and dashes (short and long signals), Relation: hypernym, Tail: soul, a human being; ""there was too much for one person to do"". Answer with 'Yes' or 'No'."	No
12776212	_hypernym	3739693	Is the following triple valid? Head: symplocaceae, a dicotyledonous family of order Ebenales, Relation: hypernym, Tail: medical instrument, instrument used in the practice of medicine. Answer with 'Yes' or 'No'.	No
3926148	_derivationally_related_form	5645597	Is the following triple valid? Head: photographic equipment, equipment used by a photographer, Relation: derivationally related form, Tail: stupidity, a poor ability to understand or to profit from experience. Answer with 'Yes' or 'No'.	No
1105097	_hypernym	983824	"Is the following triple valid? Head: outgrow, grow faster than, Relation: hypernym, Tail: utter, express audibly; utter sounds (not necessarily words); ""She let out a big heavy sigh""; ""He uttered strange sounds that nobody could understand"". Answer with 'Yes' or 'No'."	No
6355459	_has_part	5241827	Is the following triple valid? Head: morse code, a telegraph code in which letters and numbers are represented by strings of dots and dashes (short and long signals), Relation: has part, Tail: epithelial cell, one of the closely packed cells forming the epithelium. Answer with 'Yes' or 'No'.	No
6115701	_derivationally_related_form	12491017	Is the following triple valid? Head: geology, a science that deals with the history of the earth as recorded in rocks, Relation: derivationally related form, Tail: orchid tree, small East Indian tree having orchid-like flowers and hard dark wood. Answer with 'Yes' or 'No'.	No
10011902	_hypernym	7951464	Is the following triple valid? Head: potentate, a ruler who is unconstrained by law, Relation: hypernym, Tail: collection, several things grouped together or considered as a whole. Answer with 'Yes' or 'No'.	No
3273913	_hypernym	2150948	"Is the following triple valid? Head: fridge, a refrigerator in which the coolant is pumped around by an electric motor, Relation: hypernym, Tail: watch, see or watch; ""view a show on television""; ""This program will be seen all over the world""; ""view an exhibition""; ""Catch a show on Broadway""; ""see a movie"". Answer with 'Yes' or 'No'."	No
1645093	_derivationally_related_form	1010118	"Is the following triple valid? Head: liopelmidae, primitive New Zealand frogs, Relation: derivationally related form, Tail: declare, state emphatically and authoritatively; ""He declared that he needed more money to carry out the task he was charged with"". Answer with 'Yes' or 'No'."	No
2335363	_derivationally_related_form	378479	"Is the following triple valid? Head: glaze, furnish with glass; ""glass the windows"", Relation: derivationally related form, Tail: lighting, the act of setting something on fire. Answer with 'Yes' or 'No'."	No
12983961	_hypernym	9032483	Is the following triple valid? Head: sarcosomataceae, a type of ascomycetous fungus, Relation: hypernym, Tail: basle, a city in northwestern Switzerland. Answer with 'Yes' or 'No'.	Yes
9876892	_hypernym	811661	"Is the following triple valid? Head: brother, a male person who is a fellow member (of a fraternity or religion or other group); ""none of his brothers would betray him"", Relation: hypernym, Tail: storage, the commercial enterprise of storing goods and materials. Answer with 'Yes' or 'No'."	No
7211950	_hypernym	6742426	"Is the following triple valid? Head: wail, a cry of sorrow and grief; ""their pitiful laments could be heard throughout the ward"", Relation: hypernym, Tail: expounding, a systematic interpretation or explanation (usually written) of a specific topic. Answer with 'Yes' or 'No'."	No
10701783	_hypernym	47945	"Is the following triple valid? Head: tenor, an adult male with a tenor voice, Relation: hypernym, Tail: tog, provide with clothes or put clothes on; ""Parents must feed and dress their child"". Answer with 'Yes' or 'No'."	No
2669723	_member_meronym	12960378	Is the following triple valid? Head: judge's robe, a gown worn by academics or judges, Relation: member meronym, Tail: adder's tongue fern, ferns with fertile spikes shaped like a snake's tongue. Answer with 'Yes' or 'No'.	No
5941210	_derivationally_related_form	6306233	"Is the following triple valid? Head: shape, a concrete representation of an otherwise nebulous concept; ""a circle was the embodiment of his concept of life"", Relation: derivationally related form, Tail: morpheme, minimal meaningful language unit; it cannot be divided into smaller meaningful units. Answer with 'Yes' or 'No'."	No
3961070	_derivationally_related_form	6807198	"Is the following triple valid? Head: sheet glass, glass formed into large thin sheets, Relation: derivationally related form, Tail: numeral, a symbol used to represent a number; ""he learned to write the numerals before he went to school"". Answer with 'Yes' or 'No'."	No
6780309	_hypernym	21997	Is the following triple valid? Head: travesty, a composition that imitates or misrepresents somebody's style, usually in a humorous way, Relation: hypernym, Tail: freeze, anesthetize by cold. Answer with 'Yes' or 'No'.	No
1388992	_derivationally_related_form	10620758	Is the following triple valid? Head: pyrrophyta, a division of lower plants comprising unicellular and biflagellate algae that form starchy compounds, Relation: derivationally related form, Tail: sociologist, a social scientist who studies the institutions and development of human society. Answer with 'Yes' or 'No'.	No
1453969	_hypernym	890590	"Is the following triple valid? Head: train, drag loosely along a surface; allow to sweep the ground; ""The toddler was trailing his pants""; ""She trained her long scarf behind her"", Relation: hypernym, Tail: secure, make certain of; ""This nest egg will ensure a nice retirement for us""; ""Preparation will guarantee success!"". Answer with 'Yes' or 'No'."	No
315330	_derivationally_related_form	1707925	"Is the following triple valid? Head: depreciate, lower the value of something; ""The Fed depreciated the dollar once again"", Relation: derivationally related form, Tail: instrumentate, write an instrumental score for. Answer with 'Yes' or 'No'."	No
7557165	_hypernym	12969131	Is the following triple valid? Head: treat, something considered choice to eat, Relation: hypernym, Tail: puffball, any of various fungi of the genus Scleroderma having hard-skinned subterranean fruiting bodies resembling truffles. Answer with 'Yes' or 'No'.	No
11607071	_hypernym	8340153	Is the following triple valid? Head: subdivision pinophytina, most conifers: in some systems classified as a class (Pinopsida) and in others as a subdivision (Pinophytina); used in some classifications for one of five subdivisions of Gymnospermophyta, Relation: hypernym, Tail: united states intelligence community, a group of government agencies and organizations that carry out intelligence activities for the United States government; headed by the Director of Central Intelligence. Answer with 'Yes' or 'No'.	No
1120900	_derivationally_related_form	918383	Is the following triple valid? Head: savage, attack brutally and fiercely, Relation: derivationally related form, Tail: horticulture, the cultivation of plants. Answer with 'Yes' or 'No'.	No
5426087	_has_part	8769439	Is the following triple valid? Head: venule, a minute vein continuous with a capillary, Relation: has part, Tail: aken, a city in western Germany near the Dutch and Belgian borders; formerly it was Charlemagne's northern capital. Answer with 'Yes' or 'No'.	No
2027209	_member_meronym	12725940	Is the following triple valid? Head: genus erolia, a genus of Scolopacidae, Relation: member meronym, Tail: silver willow, North American willow with greyish silky pubescent leaves that usually blacken in drying. Answer with 'Yes' or 'No'.	No
2130300	_member_meronym	1589286	"Is the following triple valid? Head: view, look at carefully; study mentally; ""view a problem"", Relation: member meronym, Tail: tree creeper, any of various small insectivorous birds of the northern hemisphere that climb up a tree trunk supporting themselves on stiff tail feathers and their feet. Answer with 'Yes' or 'No'."	No
2022162	_hypernym	53913	"Is the following triple valid? Head: reach, reach a goal, e.g., ""make the first team""; ""We made it!""; ""She may not make the grade"", Relation: hypernym, Tail: withdrawal, the act of withdrawing; ""the withdrawal of French troops from Vietnam"". Answer with 'Yes' or 'No'."	No
12761123	_hypernym	12892226	Is the following triple valid? Head: mangifera, tropical tree native to Asia bearing fleshy fruit, Relation: hypernym, Tail: solanaceae, large and economically important family of herbs or shrubs or trees often strongly scented and sometimes narcotic or poisonous; includes the genera Solanum, Atropa, Brugmansia, Capsicum, Datura, Hyoscyamus, Lycopersicon, Nicotiana, Petunia, Physalis, and Solandra. Answer with 'Yes' or 'No'.	No
591115	_derivationally_related_form	11750989	"Is the following triple valid? Head: understand, perceive (an idea or situation) mentally; ""Now I see!""; ""I just can't see your point""; ""Does she realize how important this decision is?""; ""I don't understand the idea"", Relation: derivationally related form, Tail: sweet clover, erect annual or biennial plant grown extensively especially for hay and soil improvement. Answer with 'Yes' or 'No'."	No
13954253	_derivationally_related_form	11951511	"Is the following triple valid? Head: existence, the state or fact of existing; ""a point of view gradually coming into being""; ""laws in existence for centuries"", Relation: derivationally related form, Tail: golden aster, any of several shrubby herbs or subshrubs of the genus Chrysopsis having bright golden-yellow flower heads that resemble asters; throughout much of United States and into Canada. Answer with 'Yes' or 'No'."	No
2897692	_derivationally_related_form	3848348	Is the following triple valid? Head: whatnot, miscellaneous curios, Relation: derivationally related form, Tail: opener, a hand tool used for opening sealed containers (bottles or cans). Answer with 'Yes' or 'No'.	No
2248744	_hypernym	2601200	Is the following triple valid? Head: family coccidae, scale insects, Relation: hypernym, Tail: mugilidae, grey mullets. Answer with 'Yes' or 'No'.	Yes
12242123	_hypernym	7133701	Is the following triple valid? Head: minniebush, low shrub of the eastern United States with downy twigs, Relation: hypernym, Tail: conversation, the use of speech for informal exchange of views or ideas or information etc.. Answer with 'Yes' or 'No'.	No
4306847	_derivationally_related_form	1916634	"Is the following triple valid? Head: statue, a sculpture representing a human or animal, Relation: derivationally related form, Tail: tittup, to walk with a lofty proud gait, often in an attempt to impress others; ""He struts around like a rooster in a hen house"". Answer with 'Yes' or 'No'."	Yes
4956110	_derivationally_related_form	2513268	"Is the following triple valid? Head: matte, the property of having little or no contrast; lacking highlights or gloss, Relation: derivationally related form, Tail: advantage, give an advantage to; ""This system advantages the rich"". Answer with 'Yes' or 'No'."	No
824066	_hypernym	10198602	"Is the following triple valid? Head: reprove, take to task; ""He admonished the child for his bad behavior"", Relation: hypernym, Tail: idolizer, a person who worships idols. Answer with 'Yes' or 'No'."	No
1296505	_hypernym	1945845	Is the following triple valid? Head: tannenberg, a battle in World War I (1914); decisive German victory over the Russians, Relation: hypernym, Tail: seasnail, any of several creeping marine gastropods with a spirally coiled shell: whelks; tritons; moon shells; neritids. Answer with 'Yes' or 'No'.	No
