head,tail,expected_relation,predicted_relation
6845599,3754979,member of domain usage,instance hypernym
789448,1062739,verb group,verb group
8860123,5688486,member of domain region,member of domain region
2233096,2233338,member meronym,member meronym
1371092,1352059,hypernym,member meronym
2314321,8102555,hypernym,hypernym
8621598,8620061,hypernym,hypernym
3239726,3027250,has part,has part
12400489,12651821,hypernym,instance hypernym
779360,15274695,derivationally related form,similar to
7359599,555447,derivationally related form,similar to
10686313,9610660,hypernym,hypernym
13286099,2234988,derivationally related form,derivationally related form
1444326,1441510,hypernym,verb group
5442131,5436080,has part,has part
8660339,8512259,hypernym,similar to
7085786,7085375,hypernym,similar to
6178812,10256080,derivationally related form,derivationally related form
1257145,7488875,derivationally related form,similar to
2156546,7335716,derivationally related form,verb group
2270342,2577061,also see,similar to
1938426,1835496,hypernym,verb group
8814333,8524735,instance hypernym,instance hypernym
770151,766234,hypernym,hypernym
4903813,1763829,derivationally related form,similar to
1908287,8107499,hypernym,hypernym
7861421,1577513,derivationally related form,derivationally related form
1046587,1046059,hypernym,verb group
951037,949619,hypernym,synset domain topic of
13266892,13265904,hypernym,hypernym
15121625,28270,hypernym,hypernym
6754184,6753800,hypernym,has part
1194418,2492198,hypernym,verb group
1008719,8441203,synset domain topic of,member of domain usage
474017,7357679,derivationally related form,derivationally related form
13627516,13627327,has part,has part
964569,1118449,derivationally related form,verb group
4105068,4014297,hypernym,hypernym
1322854,223983,derivationally related form,derivationally related form
1716882,7007945,derivationally related form,verb group
8159924,7971582,hypernym,instance hypernym
6580646,6568978,hypernym,hypernym
968962,968211,hypernym,verb group
1696849,1697837,member meronym,member meronym
6643408,6797169,hypernym,hypernym
6596978,6593296,hypernym,instance hypernym
7572957,7566340,hypernym,hypernym
1695976,4681797,derivationally related form,similar to
7091902,6290637,hypernym,instance hypernym
2425228,2424695,hypernym,hypernym
6693198,860620,derivationally related form,verb group
1057034,1253379,derivationally related form,derivationally related form
62582,89324,hypernym,similar to
1455592,1455986,member meronym,instance hypernym
7191777,7191279,hypernym,similar to
2514988,2515214,member meronym,hypernym
8174398,8949093,member meronym,member meronym
630634,624738,hypernym,member meronym
12406715,12405714,hypernym,hypernym
7466557,7470671,hypernym,hypernym
1733213,1714208,hypernym,verb group
12224309,11534677,hypernym,hypernym
810729,811375,hypernym,verb group
13726074,13725726,has part,similar to
802946,1141841,derivationally related form,derivationally related form
9989045,10129825,hypernym,hypernym
974367,9795124,derivationally related form,derivationally related form
2802544,3120491,hypernym,hypernym
10128909,9606527,hypernym,similar to
1687569,5844105,derivationally related form,derivationally related form
2001858,319939,derivationally related form,verb group
5673908,1978003,derivationally related form,similar to
7040148,7037465,hypernym,instance hypernym
13060190,12992868,hypernym,hypernym
376400,376063,hypernym,hypernym
6083243,10806222,derivationally related form,derivationally related form
8900535,8903220,has part,has part
353992,493703,derivationally related form,derivationally related form
43902,471613,synset domain topic of,synset domain topic of
2641035,1062817,derivationally related form,verb group
1951276,1953810,hypernym,verb group
5154517,4723816,hypernym,hypernym
2490004,2488834,hypernym,verb group
2040505,2021795,hypernym,hypernym
10826352,9989502,instance hypernym,instance hypernym
8541288,195342,derivationally related form,also see
740342,8441203,synset domain topic of,synset domain topic of
1463963,5075602,derivationally related form,similar to
1170243,14447908,derivationally related form,similar to
7434102,7433973,hypernym,similar to
2156546,2609764,hypernym,verb group
8919949,9697070,member meronym,member of domain region
11020721,10624540,instance hypernym,instance hypernym
8806897,8807554,has part,member of domain region
2208118,2311387,also see,verb group
6389753,1745377,derivationally related form,derivationally related form
11746776,12539306,member meronym,member meronym
626428,10508710,derivationally related form,derivationally related form
118733,116687,hypernym,hypernym
2081178,8617963,derivationally related form,similar to
13902048,1742244,derivationally related form,derivationally related form
7334490,478830,derivationally related form,derivationally related form
3547054,4191595,hypernym,hypernym
10564660,6403969,derivationally related form,member of domain usage
1511706,104249,derivationally related form,verb group
12658846,7770180,has part,has part
1410223,1236164,verb group,verb group
1215851,3068181,derivationally related form,also see
14907122,15047313,hypernym,instance hypernym
8780881,10595361,member of domain region,member of domain region
179567,173338,hypernym,verb group
645493,4784142,derivationally related form,derivationally related form
5027529,5026843,hypernym,derivationally related form
2456493,1544692,hypernym,verb group
12409016,11567411,hypernym,instance hypernym
459114,7891726,derivationally related form,derivationally related form
11338796,9798811,instance hypernym,member meronym
966869,2344568,derivationally related form,derivationally related form
216038,209943,hypernym,hypernym
4433585,2886599,hypernym,member meronym
5090441,434077,derivationally related form,derivationally related form
15231765,15113229,instance hypernym,instance hypernym
4606014,3368141,hypernym,instance hypernym
11460281,11459538,hypernym,similar to
8780018,8691669,instance hypernym,instance hypernym
2761834,1042725,derivationally related form,derivationally related form
425278,1803003,derivationally related form,similar to
9917593,15147097,derivationally related form,hypernym
4821802,103696,derivationally related form,similar to
9606009,7846,hypernym,instance hypernym
1143409,1143040,hypernym,hypernym
3171356,4341686,hypernym,hypernym
1977080,10019406,derivationally related form,derivationally related form
10109443,10341660,hypernym,instance hypernym
4229959,3101986,hypernym,member meronym
13306870,2321046,derivationally related form,derivationally related form
6972311,6972090,hypernym,hypernym
369864,5015463,derivationally related form,similar to
1643092,1643255,member meronym,hypernym
4667406,1484083,derivationally related form,similar to
4962240,4961691,hypernym,hypernym
6845599,3587715,member of domain usage,instance hypernym
4671394,724861,derivationally related form,derivationally related form
6268784,6268096,hypernym,instance hypernym
1466543,262249,derivationally related form,derivationally related form
2446645,2445715,hypernym,similar to
4868748,4826235,hypernym,similar to
11915658,11915214,hypernym,hypernym
15256714,5867413,hypernym,hypernym
7127252,7109847,hypernym,hypernym
1473990,8103777,hypernym,instance hypernym
1296462,379422,derivationally related form,derivationally related form
560529,558630,hypernym,hypernym
11911591,12000609,member meronym,member meronym
12169526,12192373,member meronym,member meronym
538571,6084469,synset domain topic of,synset domain topic of
5533948,5248181,hypernym,hypernym
1382273,1352059,hypernym,member meronym
8860123,1252566,member of domain usage,member of domain region
10299875,9624559,hypernym,similar to
2795169,4531098,hypernym,hypernym
8156685,11259950,member meronym,member meronym
10717461,7846,hypernym,member of domain usage
4364545,3739693,hypernym,hypernym
1336587,5645597,derivationally related form,similar to
738747,983824,hypernym,verb group
5239808,5241827,has part,member meronym
6115701,10127689,derivationally related form,derivationally related form
8172877,7951464,hypernym,member of domain region
3273913,4070727,hypernym,hypernym
686890,1010118,derivationally related form,derivationally related form
2761685,378479,derivationally related form,verb group
12983961,13024012,hypernym,hypernym
9876892,10307234,hypernym,member meronym
6742772,6742426,hypernym,similar to
45145,47945,hypernym,derivationally related form
12960211,12960378,member meronym,instance hypernym
5941210,701040,derivationally related form,also see
946755,6807198,derivationally related form,derivationally related form
6780309,6780069,hypernym,similar to
6151693,10620758,derivationally related form,synset domain topic of
1453969,1453433,hypernym,verb group
939818,1707925,derivationally related form,derivationally related form
12969670,12969131,hypernym,hypernym
11607071,8103777,hypernym,hypernym
1740969,918383,derivationally related form,also see
8766988,8769439,has part,member of domain region
12724201,12725940,member meronym,member meronym
1589125,1589286,member meronym,member meronym
56688,53913,hypernym,hypernym
12761123,11567411,hypernym,instance hypernym
591115,5805475,derivationally related form,derivationally related form
13954253,43765,derivationally related form,derivationally related form
1346003,3848348,derivationally related form,member of domain usage
2248744,1759182,hypernym,member meronym
12242123,13112664,hypernym,hypernym
10682038,1916634,derivationally related form,similar to
4956110,565592,derivationally related form,derivationally related form
824066,826509,hypernym,verb group
1946277,1945845,hypernym,hypernym
4372171,3575958,hypernym,instance hypernym
154778,153263,hypernym,verb group
14980579,14686352,hypernym,hypernym
7047011,7020895,synset domain topic of,instance hypernym
5301908,941990,derivationally related form,member of domain usage
11804604,11813309,member meronym,also see
11805837,11573660,hypernym,hypernym
11612349,11608250,hypernym,hypernym
2621901,5008746,derivationally related form,also see
7060167,7059255,hypernym,hypernym
8969291,3024420,derivationally related form,derivationally related form
6934132,6930934,hypernym,member meronym
10251779,7846,hypernym,instance hypernym
2625016,50693,derivationally related form,derivationally related form
4576211,2764779,has part,has part
2426799,13944914,derivationally related form,derivationally related form
11704791,11705052,has part,has part
4294426,2688443,hypernym,hypernym
4657876,1076793,derivationally related form,similar to
2150948,10576071,derivationally related form,verb group
937656,933420,hypernym,hypernym
5133287,5129201,hypernym,similar to
900070,836236,derivationally related form,verb group
1400575,8103777,hypernym,instance hypernym
1239064,2677567,derivationally related form,derivationally related form
10214637,1632411,derivationally related form,also see
3386011,2811936,has part,has part
13951984,13951444,hypernym,similar to
2496816,2539334,hypernym,verb group
5614657,5614175,hypernym,hypernym
13800801,171127,derivationally related form,derivationally related form
12202936,13104059,hypernym,hypernym
265386,260622,derivationally related form,derivationally related form
11529603,11536778,member meronym,member meronym
2390470,10363913,derivationally related form,member of domain usage
4907269,4616059,hypernym,hypernym
39021,37396,hypernym,hypernym
828901,962447,hypernym,verb group
136152,134780,hypernym,similar to
24649,3395745,derivationally related form,derivationally related form
9211735,9403734,instance hypernym,instance hypernym
9891470,2951358,derivationally related form,member of domain usage
4071393,3763968,hypernym,has part
343730,528667,synset domain topic of,member of domain usage
12501745,12547658,member meronym,member meronym
9851165,2669081,derivationally related form,verb group
14498096,1269379,derivationally related form,also see
3650173,1262113,derivationally related form,derivationally related form
2244956,2294436,also see,verb group
2529515,2531820,member meronym,member meronym
2621395,7092356,derivationally related form,verb group
960734,13845239,derivationally related form,derivationally related form
1567133,1563128,hypernym,instance hypernym
11199727,10650162,instance hypernym,instance hypernym
13999663,13998576,hypernym,hypernym
13481883,2762806,derivationally related form,derivationally related form
633864,785962,derivationally related form,derivationally related form
12892226,12904148,member meronym,member meronym
256961,256746,hypernym,also see
9165613,9483129,has part,member of domain region
3673767,1270784,derivationally related form,derivationally related form
8740875,8745901,has part,has part
2267826,2263378,hypernym,hypernym
2134589,2136623,member meronym,member meronym
6350918,6350274,hypernym,similar to
2400760,10760340,derivationally related form,member of domain usage
5537806,5220461,hypernym,hypernym
5505679,5462315,hypernym,hypernym
7242324,7241205,hypernym,hypernym
212173,4683600,derivationally related form,derivationally related form
534480,342028,hypernym,hypernym
8279298,8284481,hypernym,hypernym
3579982,4170515,has part,has part
9460888,9403734,instance hypernym,hypernym
2726715,14365356,derivationally related form,similar to
238867,239321,verb group,verb group
6845599,3189995,member of domain usage,instance hypernym
7409592,2685665,derivationally related form,derivationally related form
13478525,229280,derivationally related form,derivationally related form
455599,407535,hypernym,hypernym
1271428,956485,instance hypernym,instance hypernym
1741864,916464,synset domain topic of,synset domain topic of
2767308,1253060,derivationally related form,derivationally related form
347652,1898592,derivationally related form,verb group
471711,223720,derivationally related form,verb group
4826235,4846770,hypernym,similar to
1353405,14705718,derivationally related form,member of domain usage
493703,353992,derivationally related form,derivationally related form
2440705,2447591,member meronym,member meronym
13148019,13148384,member meronym,hypernym
9190918,7347,hypernym,hypernym
12995724,13082077,member meronym,member meronym
12464278,12464476,member meronym,similar to
6115476,6000400,hypernym,hypernym
9147046,4378842,has part,member of domain region
2259829,761713,hypernym,verb group
12195965,12196129,member meronym,instance hypernym
12099342,13118707,hypernym,hypernym
12112008,12102133,hypernym,instance hypernym
3631445,3106110,hypernym,hypernym
1012712,739662,derivationally related form,derivationally related form
12373361,11565385,hypernym,member meronym
6883725,4416901,hypernym,similar to
8199025,10305635,member meronym,member meronym
588888,5805475,derivationally related form,derivationally related form
704388,5784242,derivationally related form,verb group
10173895,7846,hypernym,instance hypernym
8920924,8926543,has part,member of domain region
1187620,8441203,synset domain topic of,synset domain topic of
12219875,12220019,member meronym,member of domain region
464513,1430111,also see,similar to
746084,1027508,hypernym,verb group
6756831,835506,derivationally related form,similar to
15022389,15022171,hypernym,hypernym
5613962,5617107,hypernym,similar to
13583724,2468793,derivationally related form,derivationally related form
11627028,11554175,hypernym,hypernym
2559752,2452885,hypernym,verb group
9283623,9225146,hypernym,hypernym
755500,838524,derivationally related form,verb group
5060476,5060189,hypernym,similar to
1811736,7528807,derivationally related form,similar to
1461328,378985,derivationally related form,derivationally related form
10216403,2593354,derivationally related form,similar to
11551211,8220891,hypernym,instance hypernym
396703,394813,hypernym,verb group
1605119,1616970,member meronym,member meronym
13463656,569318,derivationally related form,derivationally related form
2093390,7439284,derivationally related form,verb group
2674912,2707683,hypernym,instance hypernym
5513807,5457469,has part,has part
1959927,450335,synset domain topic of,member of domain usage
10387196,4091839,derivationally related form,member of domain usage
238720,13443787,derivationally related form,derivationally related form
940214,126264,hypernym,verb group
1745722,4004767,derivationally related form,member of domain usage
10396462,7846,hypernym,hypernym
8950035,8524735,instance hypernym,instance hypernym
1828405,7486922,derivationally related form,similar to
12192373,12193458,member meronym,hypernym
5035961,559102,derivationally related form,verb group
2216547,1759182,hypernym,hypernym
12445848,11561228,hypernym,instance hypernym
69166,67999,hypernym,verb group
2427726,10381214,derivationally related form,derivationally related form
13149296,13100677,hypernym,instance hypernym
1835103,9355850,derivationally related form,similar to
8344301,8342039,hypernym,member of domain region
2525866,2527145,member meronym,member meronym
2067941,2068408,member meronym,member meronym
1028748,10344774,derivationally related form,derivationally related form
141806,920336,derivationally related form,verb group
715074,352826,hypernym,verb group
10351874,761713,derivationally related form,verb group
1255057,691050,derivationally related form,derivationally related form
2671421,3081021,hypernym,has part
2121234,2125311,member meronym,instance hypernym
2217695,2217266,hypernym,verb group
9101318,8695539,instance hypernym,instance hypernym
11689197,13135832,hypernym,instance hypernym
1998019,1998183,member meronym,member meronym
8775784,8574314,instance hypernym,instance hypernym
1567678,1567133,hypernym,hypernym
1538469,510364,hypernym,verb group
147862,1284908,derivationally related form,verb group
4182890,3895585,hypernym,instance hypernym
5835747,5833840,hypernym,hypernym
6873252,6873571,has part,has part
5509889,5528060,has part,has part
10227985,6161718,derivationally related form,synset domain topic of
1004072,383606,hypernym,similar to
10878672,10625860,instance hypernym,instance hypernym
1713635,1713764,member meronym,instance hypernym
2462580,10760340,derivationally related form,derivationally related form
7237758,842538,derivationally related form,derivationally related form
11014450,10453533,instance hypernym,instance hypernym
1107705,1105639,hypernym,verb group
6890846,2141973,derivationally related form,similar to
1596479,1507175,hypernym,hypernym
1830798,1762528,hypernym,verb group
3472232,99721,derivationally related form,member of domain usage
11629501,11641788,member meronym,member meronym
11357332,10453533,instance hypernym,instance hypernym
13205482,13210827,member meronym,member meronym
608808,5833840,derivationally related form,derivationally related form
13907415,1280014,derivationally related form,similar to
1637166,5786372,derivationally related form,derivationally related form
815686,6746005,derivationally related form,verb group
6930934,6904171,hypernym,hypernym
332154,397576,hypernym,verb group
824292,6713187,derivationally related form,similar to
4762355,4760771,hypernym,hypernym
562935,2557638,derivationally related form,similar to
6568978,1747717,derivationally related form,derivationally related form
13107891,329495,derivationally related form,derivationally related form
8312559,6226057,synset domain topic of,synset domain topic of
6252138,1070102,derivationally related form,derivationally related form
872886,9774167,derivationally related form,verb group
1751021,1675963,hypernym,verb group
2512053,1140794,derivationally related form,derivationally related form
774056,9896826,derivationally related form,similar to
10295819,7846,hypernym,hypernym
262249,1466543,derivationally related form,derivationally related form
462092,89027,derivationally related form,derivationally related form
1366718,7527352,derivationally related form,derivationally related form
9373716,9411430,instance hypernym,instance hypernym
4074329,3129123,hypernym,instance hypernym
8951077,8524735,instance hypernym,instance hypernym
5536370,5303402,hypernym,hypernym
1705257,7258664,derivationally related form,derivationally related form
2149297,1864707,hypernym,hypernym
11350705,10084635,instance hypernym,instance hypernym
1921591,1921204,hypernym,verb group
657016,1051801,derivationally related form,similar to
3588414,946105,derivationally related form,member of domain usage
2447793,1139830,derivationally related form,also see
12957467,13167078,hypernym,hypernym
6005518,6004685,hypernym,hypernym
1984695,1982650,hypernym,hypernym
632236,5893356,derivationally related form,verb group
1566386,1504437,hypernym,member meronym
2202928,818466,derivationally related form,verb group
2645007,33615,derivationally related form,verb group
2578604,1432517,hypernym,hypernym
195617,195342,verb group,verb group
1654863,1639765,hypernym,hypernym
9044862,9105821,has part,member meronym
12637729,12641007,member meronym,instance hypernym
4356056,3976268,has part,has part
9629752,1845720,derivationally related form,derivationally related form
1865197,643250,also see,similar to
7083441,863579,derivationally related form,derivationally related form
12400261,12400924,member meronym,hypernym
10576223,7846,hypernym,member of domain usage
10034614,1170052,derivationally related form,verb group
1179707,2543181,derivationally related form,similar to
1012712,657260,derivationally related form,derivationally related form
291873,8646188,derivationally related form,derivationally related form
8096301,8149781,hypernym,instance hypernym
5477686,5477305,has part,has part
223720,1327301,derivationally related form,verb group
8792548,8011523,member of domain region,member of domain region
2842303,4565963,hypernym,hypernym
3738241,4377057,hypernym,hypernym
1654271,768921,derivationally related form,derivationally related form
306314,5623181,derivationally related form,similar to
9133500,8524735,instance hypernym,instance hypernym
2271544,646413,also see,similar to
12611479,11556857,hypernym,instance hypernym
90253,10511069,derivationally related form,derivationally related form
1650610,235435,derivationally related form,verb group
11502102,216216,derivationally related form,member of domain usage
1572978,1212572,hypernym,verb group
2466111,1222884,also see,similar to
9113762,8524735,instance hypernym,instance hypernym
1632103,5891572,derivationally related form,derivationally related form
2113430,907340,derivationally related form,derivationally related form
13023783,13031690,member meronym,member meronym
11915899,11915214,hypernym,hypernym
331950,191142,hypernym,hypernym
8860123,10513509,member of domain region,member of domain region
353469,267855,derivationally related form,verb group
3069213,3149951,hypernym,similar to
3791053,4576211,hypernym,hypernym
2470451,2489288,member meronym,member meronym
5370125,5418717,hypernym,hypernym
5399847,1471682,synset domain topic of,member of domain usage
2552737,1429349,hypernym,member meronym
5204004,8199025,synset domain topic of,member of domain usage
2036982,2037110,member meronym,also see
13658496,13649268,hypernym,hypernym
10518194,10435988,hypernym,similar to
2140781,229260,derivationally related form,similar to
2538216,2537085,hypernym,instance hypernym
6154464,6153846,hypernym,synset domain topic of
2198996,1762525,hypernym,hypernym
725274,7298154,derivationally related form,derivationally related form
8142170,8348815,hypernym,instance hypernym
5496990,5499379,has part,has part
7605474,7597365,hypernym,hypernym
1357831,1296462,hypernym,verb group
10942144,10020890,instance hypernym,instance hypernym
7152463,7152259,hypernym,hypernym
573932,126264,hypernym,verb group
521562,1711445,derivationally related form,derivationally related form
8904392,8524735,instance hypernym,instance hypernym
14786479,21939,hypernym,hypernym
1074650,4654337,derivationally related form,derivationally related form
1688589,1687665,hypernym,instance hypernym
10460033,10053808,hypernym,hypernym
2566528,68901,derivationally related form,verb group
331082,3724417,derivationally related form,derivationally related form
229026,109660,hypernym,verb group
8244062,10120085,derivationally related form,member meronym
6755776,6755568,hypernym,synset domain topic of
917772,10102506,derivationally related form,verb group
14560360,13920835,hypernym,similar to
1754105,113113,derivationally related form,derivationally related form
2951170,1422172,derivationally related form,verb group
621734,5685030,derivationally related form,verb group
9980090,7049713,derivationally related form,member of domain usage
12201166,11575425,hypernym,hypernym
6148148,6143154,hypernym,synset domain topic of
1877204,1850315,hypernym,verb group
2092309,7460104,derivationally related form,verb group
11654124,11654438,member meronym,member meronym
11195619,10301261,instance hypernym,instance hypernym
2037090,9437454,derivationally related form,derivationally related form
4169437,4593866,has part,has part
1920698,523513,synset domain topic of,member of domain usage
1926311,2075049,also see,verb group
9797113,2565491,derivationally related form,derivationally related form
8765460,8633957,instance hypernym,instance hypernym
2541875,1432517,hypernym,instance hypernym
6364329,6362953,hypernym,hypernym
10599806,1731031,derivationally related form,derivationally related form
13000668,11592146,hypernym,hypernym
8923755,8524735,instance hypernym,instance hypernym
847683,846509,hypernym,similar to
8173515,8761244,member meronym,member meronym
9051235,9103943,has part,member meronym
2454119,2455310,member meronym,member meronym
1800422,271263,derivationally related form,derivationally related form
897026,894552,hypernym,hypernym
1358328,8253450,derivationally related form,member of domain usage
336718,126264,hypernym,verb group
5520479,5264756,hypernym,hypernym
2662979,1203676,derivationally related form,derivationally related form
6135915,3002351,derivationally related form,derivationally related form
180770,180413,hypernym,similar to
1500082,2818832,derivationally related form,verb group
1822724,13811900,derivationally related form,derivationally related form
4151581,4014297,hypernym,hypernym
8023843,759694,synset domain topic of,member of domain usage
2472012,2474777,member meronym,member meronym
5055503,17222,synset domain topic of,member of domain usage
14501545,14500908,hypernym,similar to
3318983,4014297,hypernym,instance hypernym
832626,659349,has part,has part
1708676,428270,derivationally related form,verb group
1747945,6678302,derivationally related form,derivationally related form
6062076,9919297,derivationally related form,derivationally related form
6877849,6877078,hypernym,hypernym
378042,140123,hypernym,verb group
2661252,2666239,hypernym,similar to
12217211,12217586,member meronym,hypernym
3776460,4467099,hypernym,hypernym
1015244,5823932,derivationally related form,verb group
6915601,6906439,hypernym,hypernym
9999532,2253766,derivationally related form,derivationally related form
12213635,12216028,member meronym,member meronym
2330582,2350845,member meronym,member meronym
10985440,9805475,instance hypernym,instance hypernym
1989869,1974773,hypernym,member meronym
652346,5763412,derivationally related form,derivationally related form
11675096,11675842,hypernym,hypernym
6845599,3739136,member of domain usage,instance hypernym
8816236,9750891,member meronym,derivationally related form
13423615,1254013,derivationally related form,verb group
883226,10274318,derivationally related form,similar to
7186148,7185325,hypernym,derivationally related form
2230782,2231930,member meronym,member meronym
12514592,13112664,hypernym,hypernym
771961,7246582,derivationally related form,derivationally related form
10067968,10215623,hypernym,hypernym
9093608,8655464,instance hypernym,instance hypernym
2559862,2554730,hypernym,member meronym
2023992,3386011,derivationally related form,member of domain usage
1786419,1785971,hypernym,verb group
6350127,10654015,derivationally related form,member of domain usage
4103918,2691156,synset domain topic of,also see
8920924,8925287,has part,member meronym
1208597,1207609,hypernym,also see
13722757,13722522,has part,has part
2465693,2120451,derivationally related form,derivationally related form
1418037,243918,synset domain topic of,member of domain usage
2501101,1342529,hypernym,hypernym
1385017,1384687,hypernym,hypernym
14598079,1539633,derivationally related form,derivationally related form
15278281,15286249,hypernym,hypernym
2464626,2463205,has part,has part
2753255,331102,derivationally related form,derivationally related form
1292885,4613158,derivationally related form,similar to
6590885,6677302,synset domain topic of,member of domain usage
739632,739270,hypernym,hypernym
344421,331950,hypernym,also see
10347446,8199025,synset domain topic of,member meronym
4530566,4117216,has part,has part
7185325,753428,derivationally related form,derivationally related form
10247880,7846,hypernym,instance hypernym
7752109,7751451,hypernym,hypernym
2338901,2329401,hypernym,hypernym
504901,115157,hypernym,verb group
9189411,8707917,has part,member meronym
1523908,1584004,member meronym,member meronym
2690708,8624196,derivationally related form,verb group
395333,2350175,derivationally related form,derivationally related form
1831308,5685030,derivationally related form,derivationally related form
13566535,376106,derivationally related form,similar to
2163982,1342529,hypernym,instance hypernym
873603,884778,also see,similar to
2457058,44900,derivationally related form,derivationally related form
4889162,4887912,hypernym,similar to
264776,4860586,derivationally related form,similar to
8179879,7942152,hypernym,member meronym
7485475,1188485,derivationally related form,similar to
8765069,8691669,instance hypernym,instance hypernym
8231499,8078819,member meronym,member meronym
188137,187526,hypernym,verb group
7105475,15267945,member of domain usage,member of domain usage
1880113,1831531,hypernym,verb group
3158885,3474896,has part,has part
10379620,1081152,derivationally related form,verb group
10771270,1041415,derivationally related form,derivationally related form
1400044,125629,derivationally related form,verb group
2154508,6767035,derivationally related form,verb group
650353,10012815,derivationally related form,derivationally related form
93979,241689,hypernym,similar to
2647497,5393023,derivationally related form,member of domain usage
8760510,8761244,member meronym,member meronym
2038357,5068080,derivationally related form,similar to
1194483,4663763,derivationally related form,similar to
635794,575365,derivationally related form,similar to
8955626,8700255,instance hypernym,instance hypernym
1134781,122954,derivationally related form,verb group
8566028,8568978,hypernym,hypernym
456596,456740,verb group,verb group
915830,941990,hypernym,verb group
14462193,14460565,hypernym,similar to
241038,7313004,derivationally related form,derivationally related form
858377,858188,hypernym,hypernym
921072,5919034,derivationally related form,derivationally related form
12883395,11579418,hypernym,hypernym
8131530,8347704,has part,has part
369194,8303504,derivationally related form,derivationally related form
15145782,15290337,hypernym,instance hypernym
1305361,8640111,derivationally related form,verb group
306426,306900,has part,member meronym
1020005,6765044,derivationally related form,verb group
1950798,1105259,derivationally related form,derivationally related form
6951067,10589243,member of domain usage,member of domain usage
1629589,1617192,hypernym,verb group
8024096,759694,synset domain topic of,instance hypernym
164999,163779,hypernym,similar to
1209678,5566504,derivationally related form,derivationally related form
2579447,10419047,derivationally related form,derivationally related form
7039056,1707495,derivationally related form,derivationally related form
8101410,1429455,derivationally related form,hypernym
2016523,7370125,derivationally related form,verb group
6142118,5999797,hypernym,hypernym
12423565,12459471,member meronym,member meronym
7619881,7566340,hypernym,hypernym
1753488,1752165,hypernym,member meronym
10820790,10705615,instance hypernym,instance hypernym
2163183,2162947,hypernym,verb group
15037339,15037664,has part,has part
6013584,6000644,synset domain topic of,instance hypernym
710005,704690,hypernym,verb group
9760913,1728355,derivationally related form,derivationally related form
2108026,2108377,hypernym,verb group
14302261,2616627,derivationally related form,derivationally related form
11217479,10794014,instance hypernym,instance hypernym
11683989,1500873,derivationally related form,member of domain usage
1217043,3421117,derivationally related form,derivationally related form
12423565,12473011,member meronym,member meronym
7211752,66025,derivationally related form,similar to
5514272,5514081,hypernym,hypernym
11835451,11573660,hypernym,instance hypernym
6180720,5870916,hypernym,also see
9252078,9411430,instance hypernym,instance hypernym
3852280,3656484,has part,has part
1467180,1467504,member meronym,member meronym
8792548,8797840,has part,member meronym
6609503,6607339,hypernym,similar to
43765,2603699,derivationally related form,derivationally related form
207306,206927,hypernym,hypernym
6151693,6143154,hypernym,hypernym
1696648,1675963,hypernym,verb group
3075191,6974127,derivationally related form,synset domain topic of
11886788,11575425,hypernym,hypernym
1374465,9397607,derivationally related form,derivationally related form
8152657,10547145,member meronym,member meronym
1834896,1835103,verb group,verb group
2766792,3452741,hypernym,instance hypernym
3530910,3532187,has part,has part
1771390,1767949,hypernym,verb group
8023843,8392137,instance hypernym,instance hypernym
13000372,13004160,member meronym,member meronym
8928933,8524735,instance hypernym,instance hypernym
455529,252430,derivationally related form,verb group
14863521,14859838,hypernym,hypernym
13137409,7742704,has part,hypernym
881329,880978,hypernym,similar to
4543772,4283378,has part,has part
9614047,264776,derivationally related form,similar to
12079737,11556857,hypernym,hypernym
11795366,11556857,hypernym,hypernym
198793,191142,hypernym,hypernym
977153,976653,hypernym,verb group
417643,1424948,derivationally related form,verb group
10060352,796886,derivationally related form,hypernym
574996,7416107,derivationally related form,derivationally related form
6584891,6355894,hypernym,member of domain usage
8815046,9693809,member meronym,member meronym
2124748,2106506,hypernym,hypernym
9044862,7647496,member of domain region,member of domain region
6335832,6333653,hypernym,derivationally related form
12574727,11585340,hypernym,hypernym
40962,2724417,derivationally related form,derivationally related form
7086518,1880113,derivationally related form,verb group
12194776,12195965,member meronym,member meronym
4217882,1498319,derivationally related form,derivationally related form
12154628,12154773,member meronym,hypernym
3339296,4188643,hypernym,hypernym
4029734,4421872,hypernym,hypernym
15237782,15236475,hypernym,instance hypernym
2428487,53913,derivationally related form,verb group
15163005,15157041,hypernym,instance hypernym
8929243,8929555,has part,has part
236581,2007417,derivationally related form,verb group
1792097,1790020,hypernym,verb group
8715952,8524735,instance hypernym,instance hypernym
4003241,4330340,hypernym,instance hypernym
4987620,982293,derivationally related form,derivationally related form
10274639,9931267,hypernym,similar to
10435988,1507143,derivationally related form,verb group
7712559,7712382,hypernym,hypernym
13412321,1001857,derivationally related form,also see
2594552,2594250,hypernym,hypernym
7311115,1835496,derivationally related form,verb group
8394423,8191230,hypernym,hypernym
2244963,1759182,hypernym,member meronym
7182744,7183151,hypernym,similar to
2932891,1844653,derivationally related form,instance hypernym
652659,633864,hypernym,member of domain usage
5459953,14867858,hypernym,member meronym
3270165,4304375,has part,has part
553362,1103836,derivationally related form,verb group
475647,252430,derivationally related form,derivationally related form
67274,9860940,derivationally related form,derivationally related form
514396,1387786,derivationally related form,similar to
2087156,2077656,hypernym,verb group
518653,313987,hypernym,similar to
369138,2028994,derivationally related form,verb group
7443010,1521124,derivationally related form,derivationally related form
2329883,4322026,derivationally related form,derivationally related form
7269916,6806469,hypernym,hypernym
768353,766234,hypernym,hypernym
11746776,12486732,member meronym,member meronym
6295235,3825080,member of domain usage,member of domain usage
1798100,1770501,hypernym,verb group
1471682,5563034,has part,member meronym
1505254,2098458,verb group,verb group
1409065,1387617,hypernym,member meronym
1835496,1992503,also see,verb group
14476205,14475405,hypernym,similar to
1421622,1296462,hypernym,verb group
2046755,343249,derivationally related form,verb group
1400856,1400044,hypernym,verb group
931847,1644746,derivationally related form,derivationally related form
8860123,504844,member of domain region,member of domain region
667424,666886,hypernym,verb group
7184735,774056,derivationally related form,similar to
783042,782527,hypernym,verb group
2120140,14361664,derivationally related form,derivationally related form
2072673,1992503,hypernym,verb group
8720481,9341673,has part,member of domain region
4695176,286605,derivationally related form,derivationally related form
10207514,10305802,hypernym,hypernym
339085,358089,derivationally related form,derivationally related form
4643221,4623612,hypernym,similar to
2646757,13253751,derivationally related form,verb group
1543998,1543123,verb group,verb group
3258730,3121897,hypernym,hypernym
8775597,8574314,instance hypernym,instance hypernym
6213688,9755398,derivationally related form,similar to
1292534,1354673,hypernym,verb group
1521367,10016954,derivationally related form,derivationally related form
11864602,11866078,member meronym,member meronym
13096317,13095685,hypernym,hypernym
8774073,8524735,instance hypernym,instance hypernym
2156532,5559908,hypernym,member meronym
11804082,11804604,member meronym,member meronym
1896478,921014,also see,similar to
12339319,11567411,hypernym,instance hypernym
7939159,31264,hypernym,hypernym
7270179,508032,derivationally related form,derivationally related form
3002351,13523661,derivationally related form,derivationally related form
12283981,12285512,member meronym,instance hypernym
1342124,3829563,derivationally related form,verb group
852685,851933,hypernym,verb group
5902545,5898568,hypernym,hypernym
1821727,1821869,member meronym,instance hypernym
13659419,13659162,has part,hypernym
4633197,4632157,hypernym,similar to
7498854,7497473,hypernym,hypernym
10728998,2530167,derivationally related form,derivationally related form
606370,1658762,derivationally related form,derivationally related form
5967191,5943300,hypernym,instance hypernym
6845599,4011409,member of domain usage,instance hypernym
139919,469651,synset domain topic of,member of domain usage
8731606,8716738,has part,member meronym
7233996,865958,derivationally related form,derivationally related form
9615807,710005,derivationally related form,derivationally related form
14636523,14622893,hypernym,instance hypernym
5983217,5982152,hypernym,hypernym
6122178,6115476,hypernym,synset domain topic of
5697976,688377,derivationally related form,derivationally related form
14780267,237877,derivationally related form,derivationally related form
618451,4743024,derivationally related form,similar to
11911274,12167749,member meronym,member meronym
10127273,10287213,hypernym,hypernym
2471467,2472012,member meronym,instance hypernym
8801546,9032191,instance hypernym,instance hypernym
6917083,3108623,derivationally related form,derivationally related form
692143,7500414,derivationally related form,derivationally related form
2298160,8424951,derivationally related form,derivationally related form
80169,78760,hypernym,verb group
2942699,3340723,has part,has part
1867295,1627355,derivationally related form,derivationally related form
369399,1387786,derivationally related form,verb group
11944196,13085113,hypernym,hypernym
2470175,2469835,hypernym,verb group
1542207,10587378,derivationally related form,derivationally related form
734927,15159583,derivationally related form,hypernym
8821578,8821187,has part,member of domain region
7208708,7208338,hypernym,similar to
2873623,2944826,hypernym,hypernym
2299924,2298632,hypernym,verb group
1021794,903559,synset domain topic of,similar to
313987,126264,hypernym,verb group
14724025,14723079,hypernym,similar to
7221094,6598915,hypernym,hypernym
8617963,8664443,hypernym,hypernym
8414807,625963,derivationally related form,derivationally related form
2397529,2394477,hypernym,hypernym
9634494,7846,hypernym,instance hypernym
9877587,2326355,derivationally related form,derivationally related form
9679708,9678009,hypernym,hypernym
845178,13440063,hypernym,instance hypernym
12423565,12465796,member meronym,has part
11719468,11735822,member meronym,member meronym
1190277,9782167,derivationally related form,derivationally related form
5461179,5238282,has part,hypernym
5794403,5793000,hypernym,similar to
7916970,7885223,hypernym,instance hypernym
12358293,7822323,has part,hypernym
1024190,6763681,derivationally related form,derivationally related form
7350401,1892608,derivationally related form,similar to
6888345,2139883,derivationally related form,verb group
4760296,4761517,hypernym,similar to
2535909,2536456,member meronym,hypernym
417001,3118539,derivationally related form,derivationally related form
808191,808614,similar to,similar to
7032753,7071942,synset domain topic of,instance hypernym
4038109,4037625,hypernym,instance hypernym
1232298,7538395,derivationally related form,similar to
2371811,2367363,hypernym,verb group
2642610,2641957,hypernym,similar to
7526505,7526338,hypernym,similar to
356199,351638,hypernym,similar to
8912703,8524735,instance hypernym,instance hypernym
229026,14836960,derivationally related form,derivationally related form
2503803,2501738,hypernym,verb group
15124545,15124713,has part,has part
73343,13473097,derivationally related form,verb group
1292928,956485,instance hypernym,instance hypernym
13617308,922327,synset domain topic of,member of domain usage
1551871,937656,derivationally related form,verb group
264776,251809,also see,similar to
8704822,8705251,has part,has part
667747,10510546,derivationally related form,derivationally related form
7275489,7274425,hypernym,similar to
12633386,12633638,member meronym,hypernym
2916350,4008634,hypernym,instance hypernym
2575766,2576223,member meronym,member meronym
4636610,4636397,hypernym,similar to
914421,1837744,also see,similar to
390735,1700326,derivationally related form,derivationally related form
12200315,12200504,member meronym,member meronym
4072193,299341,derivationally related form,derivationally related form
11727976,11571907,hypernym,hypernym
5554405,5554189,hypernym,hypernym
12056217,12041446,hypernym,hypernym
661091,10707233,derivationally related form,derivationally related form
14526182,2134350,derivationally related form,similar to
10014939,2443049,derivationally related form,verb group
10617193,10642151,hypernym,hypernym
2052675,15287830,derivationally related form,verb group
8438533,8439476,member meronym,has part
572186,126264,hypernym,verb group
2568884,10626194,derivationally related form,derivationally related form
543410,13464820,derivationally related form,verb group
4076846,3129123,hypernym,hypernym
1702154,9784564,derivationally related form,derivationally related form
5623181,306314,derivationally related form,similar to
3484083,3485997,has part,has part
1679669,7672421,derivationally related form,derivationally related form
8188449,9920901,member meronym,member meronym
4955160,1245637,derivationally related form,derivationally related form
13439390,13526110,hypernym,hypernym
2120692,2128120,member meronym,hypernym
2453321,2452885,hypernym,verb group
559102,10056103,derivationally related form,derivationally related form
19613,13809207,hypernym,has part
8230219,8227214,hypernym,hypernym
6778925,6778102,hypernym,also see
7400361,2188587,derivationally related form,similar to
9223725,9257949,hypernym,hypernym
3592245,3111690,hypernym,hypernym
1560984,7313814,derivationally related form,derivationally related form
4568298,3178782,hypernym,also see
3566329,3700963,hypernym,instance hypernym
8945821,8698379,instance hypernym,instance hypernym
8879388,8524735,instance hypernym,instance hypernym
81671,262792,also see,similar to
793271,8479615,derivationally related form,synset domain topic of
13384164,13281275,hypernym,hypernym
1944466,1974062,hypernym,verb group
7289588,925490,derivationally related form,derivationally related form
853195,7215568,derivationally related form,similar to
4425262,3713736,hypernym,hypernym
6877742,34758,derivationally related form,similar to
582145,4631700,derivationally related form,derivationally related form
14526764,2363358,derivationally related form,derivationally related form
947857,634586,derivationally related form,derivationally related form
687295,9779124,derivationally related form,derivationally related form
1424607,1425076,member meronym,member meronym
849788,6780069,derivationally related form,derivationally related form
4475,4258,hypernym,hypernym
1380122,367976,derivationally related form,derivationally related form
10466198,901103,derivationally related form,verb group
565279,109660,hypernym,hypernym
11743772,11743294,hypernym,hypernym
7154330,2937108,derivationally related form,hypernym
2566528,9633969,derivationally related form,verb group
277811,216216,derivationally related form,derivationally related form
346991,1754421,also see,similar to
3051540,52374,derivationally related form,derivationally related form
1530431,5582859,derivationally related form,derivationally related form
8208016,8008335,hypernym,member meronym
5159495,5159225,hypernym,similar to
1672168,4568713,derivationally related form,derivationally related form
10175725,9977660,hypernym,hypernym
3040974,1392380,derivationally related form,derivationally related form
1193099,759186,derivationally related form,verb group
3070193,2670382,hypernym,hypernym
7411350,2033295,derivationally related form,verb group
12647560,12647376,hypernym,hypernym
2942699,4211528,has part,has part
1424456,5553486,derivationally related form,verb group
76072,2527651,derivationally related form,similar to
7243837,1032368,synset domain topic of,has part
1534609,278221,derivationally related form,derivationally related form
9020299,8524735,instance hypernym,instance hypernym
4952570,4952242,hypernym,hypernym
3579355,1675963,derivationally related form,has part
1628885,1631035,member meronym,member meronym
389238,5001867,derivationally related form,similar to
2409941,6520944,derivationally related form,verb group
705580,661091,hypernym,hypernym
80705,612160,synset domain topic of,member of domain usage
10551265,15259284,synset domain topic of,synset domain topic of
2025550,827782,derivationally related form,verb group
10362003,7846,hypernym,similar to
2570267,2514187,hypernym,verb group
1292727,9334396,derivationally related form,similar to
7105475,36580,member of domain usage,instance hypernym
751887,8190292,derivationally related form,verb group
11867525,11896904,member meronym,member meronym
6155075,6153846,hypernym,synset domain topic of
464962,1430847,also see,similar to
9089923,8524735,instance hypernym,instance hypernym
511817,2418421,derivationally related form,verb group
2140033,522145,derivationally related form,derivationally related form
334935,1499265,derivationally related form,verb group
11511765,835903,derivationally related form,similar to
2395406,2395694,derivationally related form,member meronym
935940,1643464,derivationally related form,derivationally related form
1225562,11551,derivationally related form,derivationally related form
12163824,7755411,has part,hypernym
4894204,4894037,hypernym,similar to
10037922,10515194,hypernym,hypernym
3639497,4402057,hypernym,hypernym
1483779,1463963,hypernym,verb group
15146004,15290337,hypernym,instance hypernym
2795169,3533972,has part,has part
2987047,3574816,hypernym,instance hypernym
2418686,2419073,hypernym,verb group
2119874,14180327,derivationally related form,member of domain usage
7286368,7286014,hypernym,hypernym
2950154,7115914,derivationally related form,similar to
9184136,9183693,hypernym,hypernym
1639714,1631534,hypernym,verb group
1558765,1557185,hypernym,instance hypernym
7388987,1247804,derivationally related form,derivationally related form
7027180,7020895,hypernym,has part
9426788,9313716,has part,instance hypernym
6236802,5946687,hypernym,hypernym
1522276,7441619,derivationally related form,verb group
2711114,2700867,hypernym,verb group
3466162,4551375,has part,has part
2229828,2229550,hypernym,verb group
6875094,6873571,hypernym,hypernym
1960779,299217,synset domain topic of,verb group
6732710,1015244,derivationally related form,derivationally related form
1800195,1799302,hypernym,member of domain usage
61401,61595,hypernym,verb group
2647903,2648035,member meronym,member meronym
784388,768701,hypernym,instance hypernym
4230808,3419014,hypernym,hypernym
12994979,12995724,member meronym,member meronym
6682494,6682290,hypernym,hypernym
1422172,1421622,hypernym,verb group
9051898,8574314,instance hypernym,instance hypernym
7230502,7160883,hypernym,hypernym
10315561,13655262,derivationally related form,member of domain region
1140315,7797641,derivationally related form,derivationally related form
1528821,13496286,derivationally related form,verb group
8365855,409281,derivationally related form,derivationally related form
2678070,2422026,hypernym,similar to
1943406,2498708,also see,similar to
5294606,27268,derivationally related form,derivationally related form
888796,887081,hypernym,hypernym
486557,486018,hypernym,verb group
10319580,7255998,derivationally related form,similar to
5405324,13771404,hypernym,hypernym
9014979,9263087,has part,member of domain region
156101,82241,also see,similar to
14627820,1338113,derivationally related form,derivationally related form
5415395,5404728,hypernym,hypernym
10634316,633443,derivationally related form,similar to
12039743,12051285,member meronym,member meronym
1569181,225593,derivationally related form,hypernym
1675190,1282014,also see,similar to
773432,7183151,derivationally related form,derivationally related form
5844105,5839024,hypernym,hypernym
376106,443984,hypernym,verb group
1097500,15293590,derivationally related form,member of domain usage
10299700,855674,derivationally related form,derivationally related form
3082807,1387786,derivationally related form,hypernym
10754449,2566528,derivationally related form,derivationally related form
1958868,299217,synset domain topic of,verb group
5464685,5468523,has part,has part
14123259,14123044,hypernym,similar to
1218766,1778017,derivationally related form,similar to
3118539,2666691,derivationally related form,similar to
13194036,13193642,hypernym,hypernym
2215966,2271137,hypernym,verb group
14862753,14739360,hypernym,hypernym
2130300,644583,hypernym,verb group
437852,1507402,also see,similar to
8571275,8523483,hypernym,hypernym
1911511,1912272,member meronym,member meronym
3044934,1456463,derivationally related form,verb group
2376958,2367363,hypernym,verb group
904690,6740644,derivationally related form,derivationally related form
276987,493259,derivationally related form,derivationally related form
1949007,1955984,hypernym,verb group
539510,539121,hypernym,hypernym
2474780,884540,hypernym,similar to
11416988,11410625,hypernym,hypernym
609506,609683,hypernym,member of domain usage
5406782,5397468,hypernym,instance hypernym
7976936,2490430,derivationally related form,verb group
202236,6756407,derivationally related form,derivationally related form
836236,10685853,derivationally related form,derivationally related form
6407094,6362953,hypernym,instance hypernym
4768657,404642,derivationally related form,derivationally related form
1947735,1945845,hypernym,hypernym
58519,2015598,derivationally related form,verb group
13470491,13457378,hypernym,similar to
8851500,8633957,instance hypernym,instance hypernym
1866192,4101497,derivationally related form,verb group
10434725,1645421,derivationally related form,similar to
9437369,1558883,derivationally related form,derivationally related form
4617562,24264,hypernym,hypernym
394813,140123,hypernym,verb group
2242464,1090446,synset domain topic of,hypernym
8766988,8772667,has part,member meronym
645552,152727,derivationally related form,derivationally related form
835506,10256537,derivationally related form,derivationally related form
2528534,2538730,member meronym,member meronym
2497586,3044083,derivationally related form,derivationally related form
2996904,6372095,derivationally related form,derivationally related form
62582,2758960,derivationally related form,derivationally related form
44150,30358,hypernym,hypernym
2186690,2179518,hypernym,verb group
1507402,4831031,derivationally related form,derivationally related form
3075191,9714429,derivationally related form,similar to
9029457,9029884,has part,has part
1602318,14002279,derivationally related form,similar to
3357081,4489008,hypernym,hypernym
5260240,5256862,hypernym,hypernym
4179385,3816849,hypernym,instance hypernym
3120778,4105893,hypernym,hypernym
1972976,7344233,derivationally related form,verb group
5011790,5009170,hypernym,hypernym
15068436,14818238,hypernym,instance hypernym
1445407,1441100,hypernym,verb group
796976,10616379,derivationally related form,derivationally related form
140751,138508,hypernym,verb group
8703454,9384223,has part,has part
6394701,6598915,hypernym,hypernym
12326842,12327022,member meronym,hypernym
4975340,574735,derivationally related form,also see
1397088,1400044,hypernym,verb group
1947352,1946996,hypernym,verb group
1548301,1547832,hypernym,member meronym
1128193,4014297,derivationally related form,hypernym
660102,14429985,derivationally related form,derivationally related form
558008,463543,synset domain topic of,member of domain usage
2429695,2435386,member meronym,member meronym
3611590,3433434,hypernym,instance hypernym
9063673,8638442,instance hypernym,instance hypernym
1918803,1904930,hypernym,verb group
11648617,11554175,hypernym,hypernym
13316332,13313899,hypernym,hypernym
7142365,7140659,hypernym,hypernym
3977966,4520170,hypernym,hypernym
12370011,12370174,member meronym,hypernym
854000,1426153,derivationally related form,similar to
7805254,1593937,derivationally related form,also see
10110287,10245639,hypernym,hypernym
6669864,6000644,synset domain topic of,synset domain topic of
14531392,14531983,hypernym,also see
307631,306426,hypernym,hypernym
187526,3573282,derivationally related form,verb group
9760913,10340312,hypernym,hypernym
611802,5761918,derivationally related form,derivationally related form
15181718,15241777,has part,member of domain usage
28362,22686,hypernym,similar to
10271216,2151966,derivationally related form,verb group
7048000,1729431,derivationally related form,member of domain usage
3534776,4517823,hypernym,hypernym
289082,1752167,also see,similar to
12213635,12222715,member meronym,member meronym
11456273,11455901,has part,has part
2505807,1110661,verb group,verb group
95971,265386,derivationally related form,derivationally related form
10634990,20926,derivationally related form,derivationally related form
6717170,10076033,member of domain usage,member of domain usage
2364520,2329401,hypernym,instance hypernym
12006503,11579418,hypernym,hypernym
1105296,1105639,hypernym,verb group
927430,10673451,derivationally related form,derivationally related form
1336587,10667187,derivationally related form,similar to
5044387,2112546,derivationally related form,derivationally related form
12019675,11579418,hypernym,hypernym
13652066,13603305,hypernym,hypernym
9791248,4323026,synset domain topic of,synset domain topic of
14046202,59019,derivationally related form,verb group
8377806,8457976,hypernym,hypernym
463234,1079604,derivationally related form,verb group
8766988,9417560,has part,member of domain region
10264437,10560637,hypernym,hypernym
11451442,11500968,has part,has part
12775530,12775919,member meronym,hypernym
775156,1170962,derivationally related form,derivationally related form
8736779,8524735,instance hypernym,instance hypernym
6095022,9818343,derivationally related form,derivationally related form
1154175,130347,derivationally related form,verb group
6820425,6818970,hypernym,instance hypernym
858631,858377,hypernym,similar to
1703023,7092592,synset domain topic of,derivationally related form
2236124,2210855,hypernym,verb group
12575089,12576029,member meronym,instance hypernym
754873,4665813,derivationally related form,derivationally related form
9459114,9360122,instance hypernym,instance hypernym
11748811,13139055,hypernym,hypernym
1049685,2147109,derivationally related form,similar to
10771636,7846,hypernym,hypernym
14425103,9605289,derivationally related form,hypernym
10373801,2607909,derivationally related form,member of domain usage
302861,1713348,derivationally related form,derivationally related form
1912159,2050132,hypernym,verb group
4036776,13893786,hypernym,hypernym
2539334,2441022,hypernym,verb group
403466,1549905,derivationally related form,derivationally related form
12626030,12627526,member meronym,member meronym
3668642,3931044,hypernym,hypernym
12533588,12533730,member meronym,instance hypernym
751779,835506,derivationally related form,derivationally related form
12746106,13112664,hypernym,hypernym
11911591,11924330,member meronym,member meronym
14064644,1190277,derivationally related form,verb group
383952,520357,derivationally related form,derivationally related form
3053272,3713736,hypernym,hypernym
7432973,2047650,derivationally related form,instance hypernym
9778783,10731244,hypernym,similar to
1972017,1972131,member meronym,instance hypernym
3435382,2716866,hypernym,hypernym
1725712,1463965,also see,similar to
3122295,4543158,hypernym,instance hypernym
9189411,8717209,has part,member meronym
6329506,6309383,hypernym,hypernym
8759852,8524735,instance hypernym,instance hypernym
1311520,996817,instance hypernym,instance hypernym
2187759,1762525,hypernym,hypernym
2927399,3892891,hypernym,hypernym
14550987,14550797,hypernym,hypernym
2774630,3485997,has part,has part
11900986,11902200,member meronym,instance hypernym
914929,913705,hypernym,hypernym
2324717,1864707,hypernym,hypernym
6023022,6018465,synset domain topic of,member of domain usage
4579986,503237,synset domain topic of,member of domain usage
528339,7419792,derivationally related form,derivationally related form
6404582,6333653,hypernym,member of domain usage
10293332,1919391,derivationally related form,verb group
2789770,4047401,hypernym,hypernym
1974399,1997698,member meronym,member meronym
2883205,3815615,hypernym,hypernym
8506641,8573674,has part,has part
11015080,10022111,instance hypernym,instance hypernym
746587,746232,hypernym,hypernym
8131530,8132046,has part,has part
1679980,1675963,hypernym,derivationally related form
11977125,11977303,member meronym,hypernym
900616,1580050,also see,similar to
2394183,1982395,verb group,verb group
14062725,273445,derivationally related form,derivationally related form
6756407,6722453,hypernym,hypernym
483801,3080309,derivationally related form,derivationally related form
498530,126264,hypernym,verb group
3142679,4014297,hypernym,hypernym
2416751,9935793,derivationally related form,similar to
514069,5934278,derivationally related form,similar to
1858441,1844917,hypernym,hypernym
152018,652346,derivationally related form,derivationally related form
12618942,12785110,member meronym,also see
2138766,903559,synset domain topic of,member of domain usage
11428023,11473954,hypernym,hypernym
567044,479887,synset domain topic of,member of domain usage
2398732,2399000,member meronym,member meronym
8887013,9316454,instance hypernym,instance hypernym
486018,211593,derivationally related form,verb group
912048,975584,verb group,verb group
2449340,13935227,derivationally related form,derivationally related form
1767199,1974399,member meronym,member meronym
13973059,9791816,derivationally related form,similar to
351485,191142,hypernym,hypernym
2669789,2671880,hypernym,verb group
9840050,1719921,derivationally related form,member of domain usage
6580351,6568978,hypernym,hypernym
285889,1919711,derivationally related form,verb group
10092488,475787,synset domain topic of,member of domain usage
6845599,4090064,member of domain usage,instance hypernym
6620063,6619428,hypernym,hypernym
13031690,13033577,member meronym,member meronym
2739254,13845239,derivationally related form,derivationally related form
10066732,672277,derivationally related form,derivationally related form
9188609,9426788,instance hypernym,instance hypernym
7475107,7473441,hypernym,hypernym
2782815,10456138,derivationally related form,similar to
4794751,4723816,hypernym,hypernym
10146927,7846,hypernym,similar to
1693138,933420,synset domain topic of,member of domain usage
10468750,2443609,derivationally related form,derivationally related form
1835496,2994448,derivationally related form,verb group
2924554,6605396,hypernym,member of domain usage
2161737,1342529,hypernym,instance hypernym
2051270,7342495,derivationally related form,verb group
13773725,13760316,hypernym,hypernym
10724699,1855155,derivationally related form,derivationally related form
5088324,1378556,derivationally related form,similar to
324384,1983264,derivationally related form,verb group
3867201,3936895,hypernym,hypernym
806902,803617,hypernym,hypernym
1721556,10201535,derivationally related form,similar to
11999958,11579418,hypernym,hypernym
2739480,121046,hypernym,verb group
1949973,1942177,hypernym,hypernym
2444159,2443849,hypernym,verb group
9804230,522068,derivationally related form,derivationally related form
11867525,11870607,member meronym,member meronym
9537660,10553805,hypernym,hypernym
1502262,1816635,member meronym,member meronym
9425344,6115701,synset domain topic of,synset domain topic of
364297,2609764,hypernym,verb group
5948264,5946687,hypernym,hypernym
13812607,6143546,synset domain topic of,synset domain topic of
5763412,618878,derivationally related form,derivationally related form
10609686,7846,hypernym,similar to
12200315,11575425,hypernym,instance hypernym
1573515,14295248,derivationally related form,verb group
11975853,11579418,hypernym,instance hypernym
2357693,4682462,derivationally related form,similar to
2133435,4679738,derivationally related form,verb group
40325,14006945,derivationally related form,derivationally related form
1363613,1366718,also see,similar to
1507006,13501941,derivationally related form,derivationally related form
1941670,1952162,member meronym,member meronym
4945057,1826378,derivationally related form,derivationally related form
3593526,4531098,hypernym,instance hypernym
8699654,8698379,instance hypernym,instance hypernym
803325,1141593,derivationally related form,verb group
757544,7254594,derivationally related form,derivationally related form
1711445,7007171,derivationally related form,hypernym
13985818,193130,derivationally related form,derivationally related form
7019172,7018931,hypernym,hypernym
7157273,13769672,member of domain usage,member of domain usage
1241767,1241331,hypernym,similar to
528339,387310,hypernym,verb group
1195804,1158181,hypernym,verb group
10552742,10191943,hypernym,hypernym
617413,1225783,derivationally related form,derivationally related form
2163982,2168542,member meronym,member meronym
2333368,1864707,hypernym,hypernym
13169219,12954978,member meronym,member meronym
12198628,11575425,hypernym,instance hypernym
8145871,7951464,hypernym,instance hypernym
7478874,434919,derivationally related form,verb group
11875100,11879291,member meronym,instance hypernym
7817024,7811416,hypernym,hypernym
2014165,2009433,hypernym,verb group
2951358,4244997,hypernym,hypernym
1943899,1942177,hypernym,hypernym
1906823,5003090,derivationally related form,verb group
1043820,1778017,derivationally related form,derivationally related form
3583621,3733925,hypernym,hypernym
4408871,3091374,hypernym,hypernym
13261779,13255145,hypernym,hypernym
222376,219012,hypernym,also see
877559,7143624,derivationally related form,verb group
11629501,11633459,member meronym,member meronym
13651218,13603305,hypernym,hypernym
95990,94460,hypernym,verb group
1402381,8221348,hypernym,hypernym
1146576,1145359,hypernym,hypernym
11151189,9924996,instance hypernym,instance hypernym
10102369,9792555,hypernym,hypernym
488770,164444,hypernym,verb group
6203758,10502950,derivationally related form,derivationally related form
241689,151689,hypernym,verb group
351334,349886,hypernym,hypernym
340463,339463,hypernym,similar to
2190632,2191106,hypernym,verb group
7007945,988287,derivationally related form,derivationally related form
9590495,9689152,synset domain topic of,instance hypernym
1198307,2581900,derivationally related form,derivationally related form
2260183,1342529,hypernym,hypernym
2072209,2072665,member meronym,member meronym
4547592,3327234,hypernym,hypernym
1066775,1254685,derivationally related form,verb group
1633047,1633250,member meronym,member meronym
1472638,1861778,synset domain topic of,has part
9044862,13752911,member of domain region,member of domain region
12299988,12310153,member meronym,member meronym
7520612,1779165,derivationally related form,similar to
12600888,12601106,member meronym,member meronym
2414710,9815790,derivationally related form,hypernym
8792548,8039312,member of domain region,synset domain topic of
44353,5792010,derivationally related form,similar to
2704349,3735637,derivationally related form,member of domain usage
14959058,14866889,hypernym,hypernym
508952,507673,hypernym,instance hypernym
14038482,14034177,hypernym,instance hypernym
1945381,315390,derivationally related form,derivationally related form
1312096,1296697,has part,has part
1874784,1862557,hypernym,member meronym
4526800,4182890,hypernym,hypernym
8397255,8208016,hypernym,member meronym
12268096,12275317,member meronym,member meronym
2102484,2106006,derivationally related form,derivationally related form
336168,740336,also see,similar to
1874126,1876843,member meronym,member meronym
8946042,8691669,instance hypernym,instance hypernym
2553697,1146039,derivationally related form,also see
10093908,10689564,hypernym,derivationally related form
12321395,12320010,hypernym,hypernym
1454810,1105909,derivationally related form,member of domain usage
998886,6128570,synset domain topic of,synset domain topic of
4509592,3051540,hypernym,hypernym
1929788,8103777,hypernym,instance hypernym
6780309,1743313,derivationally related form,similar to
4787763,4787530,hypernym,similar to
8742205,8524735,instance hypernym,instance hypernym
5296639,5237227,hypernym,hypernym
4585745,3664675,hypernym,hypernym
4100620,4042358,hypernym,hypernym
404642,1136519,derivationally related form,derivationally related form
12339972,12340202,member meronym,member meronym
12200504,13112664,hypernym,instance hypernym
14435187,14434866,hypernym,hypernym
43480,40353,hypernym,verb group
2626590,1432517,hypernym,hypernym
6470073,2896789,derivationally related form,derivationally related form
10670310,2308741,derivationally related form,verb group
13999206,2495817,derivationally related form,derivationally related form
7152948,7151380,hypernym,hypernym
2255462,802318,verb group,verb group
853649,1428011,derivationally related form,verb group
9163192,9163584,has part,has part
3024518,3065708,hypernym,hypernym
2603699,13954253,derivationally related form,verb group
5571341,13911151,hypernym,instance hypernym
1466828,8107499,hypernym,hypernym
3285730,4100620,hypernym,instance hypernym
2390949,2386388,hypernym,verb group
7425011,7296428,hypernym,hypernym
2301782,2301935,member meronym,member meronym
5549830,5556943,has part,has part
968155,955060,hypernym,hypernym
1989720,1985524,hypernym,similar to
334996,708017,derivationally related form,similar to
2268351,1158572,hypernym,verb group
14477667,2558172,derivationally related form,similar to
11719468,11722769,member meronym,member meronym
12945708,11585340,hypernym,hypernym
471576,6090869,synset domain topic of,synset domain topic of
1913532,13534274,derivationally related form,similar to
5646218,440286,derivationally related form,derivationally related form
986173,983824,hypernym,verb group
2064608,2065407,member meronym,member meronym
12100538,12132299,member meronym,member meronym
5560787,5560244,hypernym,hypernym
13966925,13963970,hypernym,hypernym
1116968,2302817,derivationally related form,derivationally related form
12636705,11585340,hypernym,hypernym
2396716,163779,derivationally related form,verb group
12612913,12613968,member meronym,member meronym
9773245,2583545,derivationally related form,derivationally related form
3261776,3274561,hypernym,hypernym
1259458,9222051,derivationally related form,verb group
1432474,5301908,derivationally related form,derivationally related form
2565072,2564720,hypernym,member meronym
3722007,508032,derivationally related form,derivationally related form
6514880,6514093,hypernym,hypernym
12930044,12945708,member meronym,member meronym
2835887,6090869,synset domain topic of,synset domain topic of
9710164,9686536,hypernym,hypernym
633443,10706812,derivationally related form,derivationally related form
10743941,10780632,hypernym,derivationally related form
1801600,4779649,derivationally related form,derivationally related form
2231661,33020,derivationally related form,also see
297404,297062,hypernym,similar to
2431320,7331400,derivationally related form,verb group
14541852,2545272,derivationally related form,derivationally related form
13745420,13728499,hypernym,hypernym
15247518,15248269,has part,has part
9809749,8199025,synset domain topic of,member meronym
573671,14724025,derivationally related form,derivationally related form
2172888,5720248,derivationally related form,verb group
2681518,2748927,derivationally related form,derivationally related form
10034020,10360747,hypernym,instance hypernym
4190747,3546766,hypernym,hypernym
1216515,8199025,synset domain topic of,member of domain usage
7763290,7705931,hypernym,hypernym
1176079,7650792,derivationally related form,also see
2701210,2732798,verb group,verb group
2034671,2035919,hypernym,verb group
3450018,3096960,hypernym,similar to
4120093,3183080,hypernym,has part
8722645,9399592,instance hypernym,instance hypernym
8860123,470966,member of domain region,synset domain topic of
630380,5835162,derivationally related form,also see
2128873,10633450,derivationally related form,verb group
9819291,6097775,derivationally related form,synset domain topic of
5651971,2108665,derivationally related form,similar to
6797169,772640,derivationally related form,derivationally related form
931467,932161,verb group,verb group
9102016,9103648,has part,member of domain region
1673668,1682920,member meronym,member meronym
2575082,752431,derivationally related form,derivationally related form
1931768,815173,derivationally related form,derivationally related form
272391,5677504,derivationally related form,derivationally related form
1930874,1224744,hypernym,verb group
2155448,5225602,hypernym,hypernym
592535,10104209,derivationally related form,hypernym
1577093,277811,derivationally related form,derivationally related form
8161068,2400760,derivationally related form,derivationally related form
3186399,1693453,derivationally related form,also see
2269767,2269143,hypernym,similar to
1354405,1354006,hypernym,verb group
2761696,3316406,hypernym,hypernym
1876180,1876326,member meronym,member meronym
439343,5058140,derivationally related form,verb group
4146050,2913152,hypernym,hypernym
14439447,2547225,derivationally related form,derivationally related form
1730384,1729431,hypernym,verb group
7513508,26192,hypernym,hypernym
2117649,2106506,hypernym,similar to
2485631,3491724,derivationally related form,also see
724492,5982915,derivationally related form,also see
8018189,759694,synset domain topic of,instance hypernym
5573602,5580416,hypernym,instance hypernym
3473966,2756098,hypernym,hypernym
6920010,6907728,hypernym,hypernym
1370561,1400044,hypernym,verb group
1665541,1663401,hypernym,instance hypernym
2686625,1212230,verb group,verb group
5098942,5090441,hypernym,hypernym
11804604,11815194,member meronym,hypernym
2725367,3740161,hypernym,hypernym
6295235,4356056,member of domain usage,hypernym
3509025,2333358,derivationally related form,derivationally related form
2636516,2203362,hypernym,verb group
14986004,287560,derivationally related form,derivationally related form
26385,13549488,derivationally related form,verb group
12812665,11579418,hypernym,hypernym
900726,1688771,derivationally related form,hypernym
14997888,14868564,hypernym,similar to
8293982,8305942,member meronym,member meronym
12698905,11585340,hypernym,hypernym
10734963,3612965,derivationally related form,member of domain usage
11659068,11659248,member meronym,hypernym
13994148,13991823,hypernym,similar to
838043,10201535,derivationally related form,derivationally related form
6183899,10705615,derivationally related form,member of domain usage
2698944,7108123,derivationally related form,derivationally related form
8725454,8633957,instance hypernym,instance hypernym
7939159,2066304,derivationally related form,derivationally related form
1831519,1833283,member meronym,member meronym
12039743,12045695,member meronym,member meronym
9758643,2516594,derivationally related form,verb group
821580,821765,verb group,verb group
30010,7128060,derivationally related form,similar to
326619,246940,derivationally related form,verb group
2234087,9784707,derivationally related form,derivationally related form
1787835,1767661,hypernym,instance hypernym
8032594,759694,synset domain topic of,instance hypernym
2895154,2740764,hypernym,hypernym
1084331,464894,synset domain topic of,member of domain usage
2225959,2227773,member meronym,also see
2041678,1060198,derivationally related form,derivationally related form
7030718,7028373,hypernym,member of domain usage
7993109,7951464,hypernym,member of domain region
11472699,11428023,hypernym,similar to
2575766,2580055,member meronym,member meronym
10122441,9972661,hypernym,similar to
1348075,1347583,hypernym,hypernym
7986771,5778131,synset domain topic of,synset domain topic of
1447868,1675780,also see,verb group
12892226,12898959,member meronym,member meronym
8522872,8521816,hypernym,similar to
10829450,10020890,instance hypernym,instance hypernym
1788730,8102555,hypernym,hypernym
192836,10056103,derivationally related form,derivationally related form
389638,224901,hypernym,verb group
6248693,5996646,hypernym,synset domain topic of
11852255,11573660,hypernym,hypernym
1872635,1872772,member meronym,instance hypernym
9140148,8605261,has part,member of domain region
10018861,10677271,hypernym,also see
2923129,2727825,hypernym,hypernym
9275473,8813978,has part,member meronym
6880664,135285,derivationally related form,derivationally related form
897746,10207831,derivationally related form,verb group
1409523,1405044,hypernym,verb group
1467370,8565701,derivationally related form,verb group
9425607,1513838,derivationally related form,derivationally related form
1031256,318186,derivationally related form,verb group
2658670,1432517,hypernym,hypernym
305846,7116304,derivationally related form,derivationally related form
222135,264529,derivationally related form,hypernym
1723259,1656813,hypernym,hypernym
1344963,922594,also see,similar to
13124654,2652590,derivationally related form,hypernym
1277974,3376279,derivationally related form,also see
11894173,11894770,member meronym,instance hypernym
8740875,8742743,has part,instance hypernym
9631,10054,hypernym,verb group
1408383,1408547,member meronym,member meronym
1709278,1657723,hypernym,hypernym
8860123,5689109,member of domain region,member of domain region
13448778,13518963,hypernym,instance hypernym
3826,1740,hypernym,verb group
2467003,2467203,verb group,verb group
1019524,1018630,hypernym,similar to
4634540,857923,derivationally related form,similar to
6028904,6027264,hypernym,hypernym
1484982,452512,hypernym,verb group
1765392,1764800,hypernym,verb group
358431,9488259,derivationally related form,verb group
10252354,13950812,hypernym,member meronym
2222718,2224323,member meronym,member meronym
14514805,14514039,hypernym,similar to
1813668,7527817,derivationally related form,similar to
12954185,12954353,member meronym,member meronym
6838543,6828818,hypernym,instance hypernym
10644179,1230350,derivationally related form,derivationally related form
8506641,8673395,hypernym,hypernym
650353,618878,hypernym,verb group
120202,1965156,derivationally related form,verb group
98385,97504,hypernym,member of domain usage
1726960,1729838,member meronym,member meronym
12005500,11579418,hypernym,hypernym
903385,806049,hypernym,verb group
559919,4992570,derivationally related form,derivationally related form
2258600,1076793,also see,similar to
162632,1021420,derivationally related form,derivationally related form
10488016,6055946,derivationally related form,synset domain topic of
10435,13615,verb group,verb group
12800832,12800586,hypernym,hypernym
13456071,573247,derivationally related form,derivationally related form
378479,2761685,derivationally related form,verb group
12163649,12164065,member meronym,member meronym
6363778,6349220,hypernym,hypernym
10310903,7846,hypernym,similar to
4160586,2691156,hypernym,hypernym
10089615,2527431,derivationally related form,derivationally related form
4567222,3720163,hypernym,instance hypernym
1407904,464894,synset domain topic of,member of domain usage
1315581,2533075,derivationally related form,hypernym
4990525,4990220,hypernym,member of domain usage
593669,5781145,derivationally related form,derivationally related form
3421768,8199025,synset domain topic of,member of domain usage
1072780,1182293,derivationally related form,derivationally related form
2238743,1759182,hypernym,member of domain usage
9117351,9453288,has part,has part
6232880,6224136,hypernym,instance hypernym
614057,10007109,derivationally related form,similar to
296178,999787,derivationally related form,verb group
812580,9997404,derivationally related form,derivationally related form
7560903,7560652,hypernym,hypernym
2494356,2495038,hypernym,verb group
6822198,983333,derivationally related form,derivationally related form
1771966,1342529,hypernym,hypernym
6688522,2356567,derivationally related form,derivationally related form
5519085,5520699,has part,has part
12396924,2949691,has part,hypernym
9911849,4878646,derivationally related form,similar to
1089137,1088923,hypernym,verb group
367685,146856,derivationally related form,verb group
1126051,7298154,derivationally related form,derivationally related form
12150447,12149751,hypernym,member meronym
14319454,14299637,hypernym,hypernym
13751829,13745420,hypernym,hypernym
1627947,1627355,hypernym,verb group
2434238,8008335,derivationally related form,hypernym
1454636,4495843,derivationally related form,verb group
9282724,511855,derivationally related form,similar to
11705921,11706325,member meronym,hypernym
11322178,10599806,instance hypernym,instance hypernym
673710,176618,derivationally related form,derivationally related form
2491107,2490219,hypernym,hypernym
11692952,11739530,member meronym,member meronym
392950,1351170,derivationally related form,verb group
12134025,12141495,hypernym,hypernym
1743217,10413834,derivationally related form,similar to
11766609,11773860,member meronym,member meronym
4429756,3082979,synset domain topic of,hypernym
1745536,652659,derivationally related form,derivationally related form
12759496,11567411,hypernym,hypernym
8025497,8392137,instance hypernym,instance hypernym
82714,78760,hypernym,verb group
15015501,504901,derivationally related form,derivationally related form
2460684,1864707,hypernym,instance hypernym
883226,7229530,derivationally related form,similar to
9904057,10372373,hypernym,instance hypernym
11651259,11653323,member meronym,member meronym
1313411,214951,hypernym,verb group
9049303,9112282,has part,member meronym
7990956,1503061,member meronym,member meronym
1023820,2372605,derivationally related form,verb group
4119892,2362798,derivationally related form,derivationally related form
119873,109660,hypernym,verb group
13140699,13143930,member meronym,member meronym
13289845,13384557,hypernym,hypernym
1487311,2924023,derivationally related form,derivationally related form
775943,796886,hypernym,instance hypernym
15224293,8441203,synset domain topic of,member of domain usage
2446352,2445715,hypernym,instance hypernym
2418872,638981,also see,similar to
827379,1271189,derivationally related form,verb group
9934921,13384557,derivationally related form,member of domain usage
1726390,1751621,member meronym,member meronym
945401,407535,hypernym,hypernym
8860123,10525878,member of domain region,member of domain region
549472,549284,hypernym,similar to
3457793,3461119,hypernym,hypernym
5088804,5083328,hypernym,similar to
1733213,543233,synset domain topic of,synset domain topic of
2249018,6356515,derivationally related form,member of domain usage
6990000,6986558,hypernym,hypernym
5706954,5706629,hypernym,similar to
535844,7829412,derivationally related form,derivationally related form
8163273,8163792,hypernym,hypernym
2950482,3467984,hypernym,hypernym
10084295,15147330,derivationally related form,hypernym
366691,4975340,derivationally related form,similar to
11864602,11565385,hypernym,hypernym
10386071,7846,hypernym,hypernym
2499178,1864707,hypernym,hypernym
3350602,454237,synset domain topic of,member of domain usage
505151,126264,hypernym,verb group
8594886,8199025,synset domain topic of,member meronym
8730550,9316454,instance hypernym,instance hypernym
4635631,4616059,hypernym,hypernym
12546015,12546962,member meronym,hypernym
2067100,2067240,member meronym,instance hypernym
7398097,2186506,derivationally related form,derivationally related form
1877620,1835496,hypernym,verb group
3598151,3381776,hypernym,hypernym
2547225,14440137,derivationally related form,derivationally related form
552253,126264,hypernym,verb group
2129709,5656537,derivationally related form,member of domain usage
8293982,8008335,hypernym,hypernym
9767197,1095899,derivationally related form,verb group
7118002,951206,derivationally related form,derivationally related form
8842258,9203827,instance hypernym,instance hypernym
13949576,2099774,derivationally related form,similar to
1775879,1781274,member meronym,member meronym
14947807,523436,derivationally related form,derivationally related form
10268629,8375526,derivationally related form,similar to
12646950,13112664,hypernym,hypernym
13444131,13446390,hypernym,hypernym
1683724,1656813,hypernym,member meronym
607405,5996646,derivationally related form,synset domain topic of
5075602,2333689,derivationally related form,derivationally related form
10433164,1941093,derivationally related form,verb group
9409203,2684,hypernym,hypernym
2271740,1759182,hypernym,member meronym
12619306,12623368,member meronym,member meronym
10384214,6073494,derivationally related form,derivationally related form
422551,421437,hypernym,hypernym
354634,1859221,hypernym,verb group
1485158,1103788,derivationally related form,member of domain usage
1401772,1400044,hypernym,verb group
5313535,5254795,hypernym,has part
3196324,3082979,hypernym,hypernym
3894051,3003730,hypernym,instance hypernym
3004824,3024064,has part,has part
1109863,959992,derivationally related form,member of domain usage
1453433,2677797,also see,verb group
14084880,14052403,hypernym,hypernym
471277,557588,hypernym,member of domain usage
11799732,11800236,has part,hypernym
2499312,2501738,hypernym,verb group
1190561,8441203,synset domain topic of,member of domain usage
11527967,11419404,hypernym,hypernym
2058794,2094755,also see,similar to
834198,1642924,derivationally related form,verb group
10502950,1155044,derivationally related form,derivationally related form
1068012,1066163,hypernym,hypernym
5893653,5833840,hypernym,hypernym
2676789,2707429,verb group,verb group
11947251,13118707,hypernym,hypernym
6503224,277399,derivationally related form,derivationally related form
13192025,13199244,member meronym,member meronym
9790482,644583,derivationally related form,derivationally related form
13248928,13248393,hypernym,hypernym
4692908,4692157,hypernym,similar to
427397,2609764,hypernym,verb group
653719,634586,hypernym,similar to
3066658,10978098,derivationally related form,instance hypernym
2196690,7828987,derivationally related form,derivationally related form
1402381,1402169,member meronym,hypernym
8977948,8978161,has part,instance hypernym
246217,247390,hypernym,verb group
7974025,739662,derivationally related form,member of domain usage
85626,3673594,derivationally related form,also see
12423565,12445848,member meronym,member meronym
527367,1159964,derivationally related form,derivationally related form
650353,4748836,derivationally related form,derivationally related form
9454265,9215664,instance hypernym,instance hypernym
12150969,12150028,hypernym,hypernym
12538603,12540250,member meronym,member meronym
8860123,3476684,member of domain region,member of domain region
1438720,1440344,member meronym,member meronym
8860123,13249245,member of domain region,member of domain region
363052,362659,hypernym,hypernym
7705931,13134947,hypernym,hypernym
252019,13489037,derivationally related form,also see
7193184,788184,derivationally related form,derivationally related form
514871,248063,derivationally related form,derivationally related form
7298154,2596493,derivationally related form,derivationally related form
9683306,9682291,hypernym,member meronym
2157557,5470189,hypernym,hypernym
13550089,6055946,synset domain topic of,synset domain topic of
2038791,5068080,derivationally related form,similar to
7331210,7427337,hypernym,hypernym
9375693,9360122,instance hypernym,instance hypernym
1394464,358290,derivationally related form,hypernym
3009269,1949817,derivationally related form,synset domain topic of
3499142,3290771,hypernym,hypernym
13812607,10236304,derivationally related form,hypernym
1751979,1752165,member meronym,member meronym
138599,1431879,derivationally related form,similar to
12515711,12515925,has part,hypernym
2346823,1862557,hypernym,hypernym
1987353,1987545,member meronym,hypernym
2104882,2104523,hypernym,hypernym
566895,126264,hypernym,verb group
8000304,2727039,derivationally related form,also see
1369346,1259691,also see,verb group
4062179,3579982,hypernym,hypernym
3845550,4074482,hypernym,hypernym
8419163,2210855,derivationally related form,member of domain usage
476389,457228,has part,has part
10070711,10047459,hypernym,similar to
1736569,1736796,member meronym,member meronym
9797113,720808,derivationally related form,derivationally related form
330003,328802,hypernym,verb group
12551457,13104059,hypernym,instance hypernym
1547641,1494310,hypernym,verb group
925873,545557,verb group,verb group
1662771,3779621,derivationally related form,derivationally related form
10299700,1430633,derivationally related form,similar to
331102,2753255,derivationally related form,derivationally related form
12586110,11556857,hypernym,hypernym
12166128,12157769,hypernym,hypernym
785962,10207831,derivationally related form,member of domain usage
15153787,15144371,hypernym,hypernym
1680836,6102476,derivationally related form,similar to
2504131,123170,derivationally related form,derivationally related form
1941987,300441,synset domain topic of,member of domain usage
6770875,6722453,hypernym,hypernym
382493,7416441,derivationally related form,derivationally related form
28651,27167,has part,hypernym
10141590,10373998,hypernym,hypernym
1086103,10542888,derivationally related form,verb group
1955127,61290,derivationally related form,verb group
768778,159899,derivationally related form,derivationally related form
1180695,1557614,also see,similar to
10661563,6249177,derivationally related form,member of domain usage
2690093,2655135,hypernym,verb group
3536348,1661804,derivationally related form,derivationally related form
8860123,10229721,member of domain region,member of domain region
2769290,3996416,hypernym,hypernym
365188,126264,hypernym,verb group
1921204,291965,derivationally related form,derivationally related form
8860123,5909384,member of domain region,member of domain region
2072673,4055180,derivationally related form,derivationally related form
12185078,11575425,hypernym,instance hypernym
2593107,2413480,hypernym,verb group
14547369,1017738,derivationally related form,similar to
1323338,15032376,derivationally related form,verb group
7110615,10599806,derivationally related form,hypernym
2431337,2431122,hypernym,similar to
928015,831651,hypernym,verb group
318816,3281935,derivationally related form,derivationally related form
1084866,1084588,verb group,verb group
12511046,11585340,hypernym,hypernym
12423565,12443144,member meronym,member meronym
431610,140123,hypernym,verb group
1012712,483801,derivationally related form,derivationally related form
58645,56930,hypernym,verb group
6238,104868,hypernym,verb group
12787565,12791539,member meronym,member meronym
11708181,11708442,member meronym,also see
3649909,1319562,derivationally related form,derivationally related form
10745332,9863238,hypernym,hypernym
9977520,974786,derivationally related form,derivationally related form
12932532,11585340,hypernym,hypernym
1690294,933420,synset domain topic of,synset domain topic of
11911591,11938977,member meronym,member meronym
1884348,1884476,member meronym,instance hypernym
9993252,1997862,derivationally related form,similar to
9207288,8848094,has part,instance hypernym
7519773,1782650,derivationally related form,derivationally related form
2642634,1767661,derivationally related form,derivationally related form
1408153,464894,synset domain topic of,member of domain usage
2708224,3082979,hypernym,hypernym
61079,60833,hypernym,similar to
699626,6511874,derivationally related form,derivationally related form
1521367,7443010,derivationally related form,derivationally related form
14094068,14058563,hypernym,hypernym
1118081,788821,derivationally related form,derivationally related form
8293490,7951464,hypernym,hypernym
65070,14324274,derivationally related form,derivationally related form
2245993,2244956,verb group,verb group
5407119,5404728,hypernym,hypernym
1999374,1999767,member meronym,hypernym
13631037,13601596,hypernym,hypernym
7335414,388635,derivationally related form,derivationally related form
996969,489837,derivationally related form,verb group
2129289,2156225,verb group,verb group
24279,22686,hypernym,verb group
1728840,3565402,derivationally related form,derivationally related form
2589576,9906538,derivationally related form,similar to
720565,2382087,derivationally related form,verb group
9411430,9475292,has part,has part
2686952,13913427,derivationally related form,verb group
201407,751145,derivationally related form,similar to
9761403,618734,derivationally related form,member of domain usage
2460684,2460817,member meronym,instance hypernym
5936704,5928118,hypernym,hypernym
14770838,4528630,hypernym,instance hypernym
2952109,3309808,hypernym,similar to
2711835,3390983,derivationally related form,verb group
2461701,1864707,hypernym,hypernym
1237872,405236,derivationally related form,derivationally related form
239321,109660,hypernym,verb group
6295235,3688192,member of domain usage,member of domain usage
6498569,6836714,member meronym,has part
842692,2765692,derivationally related form,verb group
8976913,8524735,instance hypernym,instance hypernym
2394822,1862557,hypernym,member meronym
1704953,929718,synset domain topic of,member of domain usage
8847694,9044190,has part,member meronym
217700,7364115,derivationally related form,derivationally related form
6451891,6433249,has part,has part
8230679,8227214,hypernym,instance hypernym
1600909,1507175,hypernym,hypernym
12915400,11566230,hypernym,hypernym
443670,9260466,derivationally related form,derivationally related form
12536665,11585340,hypernym,hypernym
5826469,667942,derivationally related form,derivationally related form
1809064,725274,hypernym,verb group
5802547,642644,derivationally related form,also see
12226322,12233759,member meronym,hypernym
1538161,1534147,hypernym,verb group
2844728,3089348,derivationally related form,similar to
11335878,10323182,instance hypernym,instance hypernym
824066,6711855,derivationally related form,derivationally related form
14557898,6043075,synset domain topic of,synset domain topic of
7849336,7555863,hypernym,hypernym
8154960,8153437,hypernym,instance hypernym
1677387,1675963,hypernym,verb group
10033082,47945,derivationally related form,derivationally related form
2585489,10379758,derivationally related form,hypernym
7409475,1892104,derivationally related form,verb group
6440937,6394865,instance hypernym,instance hypernym
8761868,8691669,instance hypernym,instance hypernym
766234,745005,hypernym,hypernym
8761244,8762104,has part,member meronym
12678548,7765208,has part,hypernym
9027089,8633957,instance hypernym,instance hypernym
5271814,5269901,hypernym,member meronym
9069862,9070363,has part,member of domain region
5780104,692329,derivationally related form,similar to
14888310,14731135,hypernym,instance hypernym
1823279,1507175,hypernym,hypernym
1042531,907930,verb group,similar to
14526182,14524849,hypernym,hypernym
11924014,11672400,hypernym,instance hypernym
7714078,7713895,hypernym,hypernym
11771383,11567411,hypernym,hypernym
11942366,11942487,member meronym,hypernym
194645,191142,hypernym,derivationally related form
2694933,918872,hypernym,verb group
10484858,8441203,synset domain topic of,member of domain usage
1079480,1080691,verb group,verb group
5059830,2369633,derivationally related form,derivationally related form
591622,9984298,derivationally related form,similar to
11067885,10515194,instance hypernym,instance hypernym
1176931,10349243,derivationally related form,derivationally related form
879540,2401523,hypernym,verb group
3763403,3763133,hypernym,instance hypernym
9114696,9115315,has part,member meronym
4143712,3265874,hypernym,similar to
7075172,8245425,member of domain usage,member of domain usage
12366313,13123431,hypernym,similar to
2619738,2619861,member meronym,hypernym
7170753,623151,derivationally related form,verb group
1331237,1329239,hypernym,verb group
12118414,12135898,hypernym,hypernym
5186306,8441203,synset domain topic of,member of domain usage
5958427,5943300,hypernym,instance hypernym
2585489,1803003,hypernym,similar to
2760658,181476,derivationally related form,hypernym
2397637,373544,derivationally related form,derivationally related form
1973125,3693973,derivationally related form,verb group
2581957,7778938,has part,instance hypernym
8960987,9721244,member meronym,member of domain region
7143137,876665,derivationally related form,derivationally related form
10141811,10162991,hypernym,hypernym
3353281,3405725,hypernym,hypernym
2771320,14215331,derivationally related form,derivationally related form
2310895,5074057,derivationally related form,similar to
12673178,12673328,member meronym,instance hypernym
607542,3405725,synset domain topic of,hypernym
784727,784342,verb group,verb group
8645212,8644722,hypernym,hypernym
259643,2672540,derivationally related form,verb group
12860254,11579418,hypernym,instance hypernym
159880,5751794,derivationally related form,member of domain usage
879764,753428,hypernym,verb group
14687513,291873,derivationally related form,derivationally related form
1726879,1726172,hypernym,verb group
12411084,12418356,member meronym,member meronym
8921850,8925957,has part,member meronym
2044278,295172,derivationally related form,verb group
1938155,1938312,member meronym,member meronym
1504699,622266,derivationally related form,derivationally related form
10383689,10631941,hypernym,hypernym
3974671,4548771,hypernym,hypernym
5747582,5733583,hypernym,hypernym
1465994,8102555,hypernym,hypernym
2110552,2110220,hypernym,verb group
11860801,11573660,hypernym,hypernym
6954183,6953731,hypernym,member meronym
13573181,379774,derivationally related form,derivationally related form
11920867,11579418,hypernym,hypernym
614999,74624,derivationally related form,verb group
1369758,1657977,also see,verb group
1110274,2244956,derivationally related form,verb group
4259771,3733925,hypernym,instance hypernym
14245405,14246359,hypernym,hypernym
8334087,8329453,hypernym,hypernym
1527617,1525720,hypernym,hypernym
4478889,3214253,hypernym,similar to
3249342,4202417,hypernym,hypernym
2368563,1862557,hypernym,hypernym
5532225,5534712,has part,has part
539936,14485249,derivationally related form,derivationally related form
3278248,3033362,has part,has part
6714976,2457825,derivationally related form,derivationally related form
